Payment Allowance Limits for Medicare Part B Drugs,,,,,,,,,,
,,,,,,,,,,
"Effective July 1, 2025 through September 30, 2025",,,,,,,,,,
,,,,,,,,,,
Note 1: Payment allowance limits subject to the ASP methodology are based on 1Q25 ASP data.,,,,,,,,,,
Note 2: The absence or presence of a HCPCS code and the payment allowance limits in this table does not indicate whether Medicare covers a drug.  These determinations shall be made by the local Medicare contractor processing the claim.,,,,,,,,,,
,,,,,,,,,,
,,,,,,,,,,
HCPCS Code,Short Description,HCPCS Code Dosage,Payment Limit,Co-insurance Percentage,Vaccine AWP%,Vaccine Limit,Blood AWP%,Blood limit,Clotting Factor,Notes
90371,Hep b ig im,1 ML,130.664,20.000,,,,,,
90375,Rabies ig im/sc,150 IU,266.436,20.000,,,,,,
90377,Rabies ig ht&sol human im/sc,150 IU,237.100,20.000,,,,,,
90586,Bcg vaccine intravesical,1 EACH,156.161,20.000,,,,,,
90632,Hepa vaccine adult im,1 ML,72.684,20.000,,,,,,
90653,Iiv adjuvant vaccine im,0.5 ML,83.490,0.000,95,83.490,,,,see the Seasonal Influenza Vaccines Pricing webpage for current payment limits and effective dates
90656,IIV3 VACC NO PRSV 0.5 ML IM,0.5 ML,22.350,0.000,95,22.350,,,,see the Seasonal Influenza Vaccines Pricing webpage for current payment limits and effective dates
90657,IIV3 VACCINE SPLT 0.25 ML IM,0.25 ML,10.929,0.000,95,10.929,,,,see the Seasonal Influenza Vaccines Pricing webpage for current payment limits and effective dates
90658,IIV3 VACCINE SPLT 0.5 ML IM,0.5 ML,21.858,0.000,95,21.858,,,,see the Seasonal Influenza Vaccines Pricing webpage for current payment limits and effective dates
90660,LAIV3 Vaccine Intranasal ,0.2 ML,28.871,0.000,95,28.871,,,,see the Seasonal Influenza Vaccines Pricing webpage for current payment limits and effective dates
90661,CCIIV3 VACCINE NO PRSC 0.5ML IM,0.5 ML,36.849,0.000,95,36.849,,,,see the Seasonal Influenza Vaccines Pricing webpage for current payment limits and effective dates
90662,Iiv no prsv increased ag im,0.5 ML,83.492,0.000,95,83.492,,,,see the Seasonal Influenza Vaccines Pricing webpage for current payment limits and effective dates
90670,Pcv13 vaccine im,0.5 ML,257.989,0.000,95,257.989,,,,
90671,PCV15 vaccine IM,1 EA,261.146,0.000,95,261.146,,,,
90673,Riv3 vaccine no preserv im,0.5 ML,83.492,0.000,95,83.492,,,,see the Seasonal Influenza Vaccines Pricing webpage for current payment limits and effective dates
90675,Rabies vaccine im,1 ML,312.030,20.000,,,,,,
90677,Pcv20 vaccine im,0.5 ML,312.902,0.000,95,312.902,,,,
90684,PCV21 VACCINE IM,0.5 ML,327.893,0.000,95,327.893,,,,
90714,Td vacc no presv 7 yrs+ im,0.5 ML,36.365,20.000,,,,,,
90715,Tdap vaccine 7 yrs/> im,0.5 ML,39.709,20.000,,,,,,
90732,Ppsv23 vacc 2 yrs+ subq/im,0.5 ML,133.472,0.000,95,133.472,,,,
90739,Hepb vacc 2 dose adult im,1 DOSE,177.555,0.000,95,177.555,,,,
90740,Hepb vacc 3 dose immunsup im,40 MCG,164.422,0.000,95,164.422,,,,
90743,"Hep b vacc, adol, 2 dose, im",1 DOSE,75.145,0.000,95,75.145,,,,
90744,Hepb vacc 3 dose ped/adol im,1 DOSE,31.671,0.000,95,31.671,,,,
90746,Hepb vaccine 3 dose adult im,20 MCG,70.376,0.000,95,70.376,,,,
90747,Hepb vacc 4 dose immunsup im,40 MCG,140.752,0.000,95,140.752,,,,
90759,Hep b vac 3ag 10mcg 3 dos im,10 MCG,73.815,0.000,95,73.815,,,,
91304,SARSCOV2 VAC 5MCG/0.5ML IM,0.5 ML,161.538,0.000,95,161.538,,,,See COVID-19 vaccine pricing webpage for payment effective dates
91318,SARSCOV2 VAC 3MCG TRS-SUC IM,0.3 ML,65.550,0.000,95,65.550,,,,See COVID-19 vaccine pricing webpage for payment effective dates
91319,SARSCV2 VAC 10MCG TRS-SUC IM,0.3 ML,87.780,0.000,95,87.780,,,,See COVID-19 vaccine pricing webpage for payment effective dates
91320,SARSCV2 VAC 30MCG TRS-SUC IM,0.3 ML,155.895,0.000,95,155.895,,,,See COVID-19 vaccine pricing webpage for payment effective dates
91321,SARSCOV2 VAC 25 MCG/.25ML IM,0.25 ML,147.060,0.000,95,147.060,,,,See COVID-19 vaccine pricing webpage for payment effective dates
91322,SARSCOV2 VAC 50 MCG/0.5ML IM,0.5 ML,161.652,0.000,95,161.652,,,,See COVID-19 vaccine pricing webpage for payment effective dates
A9573,"Inj, gadopiclenol, 1 ml",1 ML,3.407,20.000,,,,,,
A9575,Inj gadoterate meglumi 0.1ml,0.1 ML,0.115,20.000,,,,,,
A9576,Inj prohance multipack,1 ML,1.415,20.000,,,,,,
A9577,Inj multihance,1 ML,1.743,20.000,,,,,,
A9578,Inj multihance multipack,1 ML,1.711,20.000,,,,,,
A9579,"Gad-base mr contrast nos,1ml",1 ML,1.474,20.000,,,,,,
A9581,Gadoxetate disodium inj,1 ML,14.703,20.000,,,,,,
A9585,Gadobutrol injection,0.1 ML,0.263,20.000,,,,,,
A9589,Insti hexaminolevulinate hcl,100 MG,1424.333,20.000,,,,,,
A9606,Radium ra223 dichloride ther,1 microCurie,N/A,20.000,,,,,,"microCurie 100% AWP = $202.82
microCurie 100% WAC = $169.02"
J0121,"Inj., omadacycline, 1 mg",1 MG,4.011,19.910,,,,,,Inflation-adjusted coinsurance
J0122,"Inj., eravacycline, 1 mg",1 MG,1.290,19.167,,,,,,Inflation-adjusted coinsurance
J0129,Abatacept injection,10 MG,44.494,20.000,,,,,,"""lesser of"" methodology applied"
J0131,"Inj, acetaminophen (nos)",10 MG,0.054,20.000,,,,,,
J0132,Acetylcysteine injection,100 MG,0.369,20.000,,,,,,
J0133,Acyclovir injection,5 MG,0.029,20.000,,,,,,
J0134,Inj acetaminophen -fresenius,10 MG,0.056,20.000,,,,,,
J0136,"Inj, acetaminophen (b braun)",10 MG,0.049,20.000,,,,,,
J0137,"Inj, acetaminophen (hikma)",10 MG,0.050,20.000,,,,,,
J0138,Inj acetaminoph 10mg/ibu 3mg,10 MG/3MG,0.218,20.000,,,,,,
J0153,Adenosine inj 1mg,1 MG,0.456,20.000,,,,,,
J0165,Inj epinephrine nos 0.1 mg,0.1 MG,0.580,20.000,,,,,,Added July 2025
J0166,Inj epinephrine (bpi),0.1 MG,2.282,20.000,,,,,,Added July 2025
J0167,Inj epinephrine (hospira),0.1 MG,0.737,20.000,,,,,,Added July 2025
J0168,Epinephrine (intl med sys),0.1 MG,2.176,20.000,,,,,,Added July 2025
J0169,Inj epinephrine (adrenalin),0.1 MG,1.320,20.000,,,,,,Added July 2025
J0172,"Inj, aducanumab-avwa, 2 mg",2 MG,5.978,20.000,,,,,,
J0174,"Inj, lecanemab-irmb, 1 mg",1 MG,1.327,20.000,,,,,,
J0175,"Inj, donanemab-azbt, 2 mg",2 MG,4.143,20.000,,,,,,
J0177,"Inj, aflibercept hd, 1 mg",1 MG,319.738,20.000,,,,,,
J0178,Aflibercept injection,1 MG,790.037,20.000,,,,,,
J0179,"Inj, brolucizumab-dbll, 1 mg",1 MG,346.194,20.000,,,,,,
J0180,Agalsidase beta injection,1 MG,230.262,20.000,,,,,,
J0185,"Inj., aprepitant, 1 mg",1 MG,1.773,20.000,,,,,,
J0202,"Injection, alemtuzumab",1 MG,2440.702,20.000,,,,,,
J0206,Inj allopurinol sodium 1 mg,1 MG,4.542,20.000,,,,,,
J0217,Inj velmanase alfa-tycv 1 mg,1 MG,465.049,18.949,,,,,,Inflation-adjusted coinsurance
J0218,Inj olipudase alfa-rpcp 1mg,1 MG,393.823,20.000,,,,,,
J0219,Inj aval alfa-nqpt 4mg,4 MG,80.752,20.000,,,,,,
J0221,Lumizyme injection,10 MG,206.615,20.000,,,,,,
J0222,"Inj., patisiran, 0.1 mg",0.1 MG,99.819,20.000,,,,,,
J0223,Inj givosiran 0.5 mg,0.5 MG,117.190,20.000,,,,,,
J0224,"Inj. lumasiran, 0.5 mg",0.5 MG,329.103,20.000,,,,,,
J0225,"Inj, vutrisiran, 1 mg",1 MG,4983.855,20.000,,,,,,
J0248,"Inj, remdesivir, 1 mg",1 MG,6.729,19.896,,,,,,Inflation-adjusted coinsurance
J0256,Alpha 1 proteinase inhibitor,10 MG,5.185,20.000,,,,,,
J0257,Glassia injection,10 MG,5.713,20.000,,,,,,
J0278,Amikacin sulfate injection,100 MG,0.617,20.000,,,,,,
J0280,Aminophyllin 250 mg inj,250 MG,8.299,20.000,,,,,,
J0281,Inj aminocaproic acid 1 gram,1 GM,1.495,20.000,,,,,,
J0282,Amiodarone hcl,30 MG,0.506,20.000,,,,,,
J0283,"Inj, amiodarone (nexterone)",30 MG,2.611,11.609,,,,,,Inflation-adjusted coinsurance
J0285,Amphotericin b,50 MG,34.124,20.000,,,,,,
J0287,Amphotericin b lipid complex,10 MG,10.299,20.000,,,,,,
J0289,Amphotericin b liposome inj,10 MG,22.616,20.000,,,,,,
J0290,Ampicillin 500 mg inj,500 MG,0.489,20.000,,,,,,
J0291,"Inj., plazomicin, 5 mg",5 MG,3.574,20.000,,,,,,
J0295,Ampicillin sulbactam 1.5 gm,1.5 GM,1.494,20.000,,,,,,
J0348,Anidulafungin injection,1 MG,0.484,20.000,,,,,,
J0349,"Inj, rezafungin, 1 mg",1 MG,10.617,19.693,,,,,,Inflation-adjusted coinsurance
J0360,Hydralazine hcl injection,20 MG,5.188,20.000,,,,,,
J0401,"Inj, abilify maintena, 1 mg",1 MG,7.236,19.858,,,,,,Inflation-adjusted coinsurance
J0402,"Inj, abilify asimtufii, 1 mg",1 MG,6.034,20.000,,,,,,
J0456,Azithromycin,500 MG,2.614,20.000,,,,,,
J0457,"Injection, aztreonam, 100 mg",100 MG,2.665,20.000,,,,,,
J0461,Atropine sulfate injection,0.01 MG,0.066,20.000,,,,,,
J0475,Baclofen 10 mg injection,10 MG,175.819,20.000,,,,,,
J0476,Baclofen intrathecal trial,50 MCG,67.203,20.000,,,,,,
J0480,Basiliximab,20 MG,4672.467,20.000,,,,,,
J0485,Belatacept injection,1 MG,3.888,20.000,,,,,,
J0490,Belimumab injection,10 MG,56.006,20.000,,,,,,
J0491,Inj anifrolumab-fnia 1mg,1 MG,18.104,20.000,,,,,,
J0500,Dicyclomine injection,20 MG,11.675,20.000,,,,,,
J0515,Inj benztropine mesylate,1 MG,17.267,20.000,,,,,,
J0517,"Inj., benralizumab, 1 mg",1 MG,168.130,20.000,,,,,,"""lesser of"" methodology applied"
J0558,Peng benzathine/procaine inj,"100,000 UNITS",17.368,16.839,,,,,,Inflation-adjusted coinsurance
J0561,Penicillin g benzathine inj,"100,000 UNITS",29.300,12.595,,,,,,Inflation-adjusted coinsurance
J0565,"Inj, bezlotoxumab, 10 mg",10 MG,39.825,20.000,,,,,,
J0577,"Inj, brixadi, 7 days or less",Less than or equal to 7 days of therapy ,422.827,19.735,,,,,,Inflation-adjusted coinsurance
J0578,"Inj brixadi, more than 7 day",Greater than 7 days and up to 28 days of therapy ,1691.307,20.000,,,,,,
J0583,Bivalirudin,1 MG,0.166,20.000,,,,,,
J0584,"Injection, burosumab-twza 1m",1 MG,481.568,18.612,,,,,,Inflation-adjusted coinsurance
J0585,"Injection,onabotulinumtoxina",1 UNIT,6.502,20.000,,,,,,
J0586,Abobotulinumtoxina,5 Unit,9.170,20.000,,,,,,
J0587,"Inj, rimabotulinumtoxinb",100 UNITS,13.343,20.000,,,,,,
J0588,Incobotulinumtoxin a,1 UNIT,5.307,20.000,,,,,,
J0589,Inj daxibotulinumtoxina-lanm,1 UNIT,3.109,20.000,,,,,,
J0592,Buprenorphine hydrochloride,0.1 MG,4.133,20.000,,,,,,
J0593,"Inj., lanadelumab-flyo, 1 mg",1 mg,86.940,20.000,,,,,,
J0594,Busulfan injection,1 MG,1.838,20.000,,,,,,
J0595,Butorphanol tartrate 1 mg,1 MG,5.053,20.000,,,,,,
J0596,"Injection, ruconest",10 UNITS,36.736,20.000,,,,,,
J0597,"C-1 esterase, berinert",10 UNITS,75.863,18.407,,,,,,Inflation-adjusted coinsurance
J0598,"C-1 esterase, cinryze",10 UNITS,65.725,20.000,,,,,,
J0600,Edetate calcium disodium inj,1000 MG,6454.567,20.000,,,,,,
J0612,"Inj, calcium gluconate, nos",10 MG,0.040,20.000,,,,,,
J0613,Calcium glucon (wg critical),10 MG,0.079,20.000,,,,,,
J0616,Inj metoprolol tartrate 1 mg,1 MG,0.134,20.000,,,,,,Added July 2025
J0637,Caspofungin acetate,5 MG,2.266,20.000,,,,,,
J0638,Canakinumab injection,1 MG,140.996,19.883,,,,,,Inflation-adjusted coinsurance
J0640,Leucovorin calcium injection,50 MG,3.947,20.000,,,,,,
J0641,Inj levoleucovorin nos 0.5mg,0.5 MG,0.035,20.000,,,,,,
J0642,"Injection, khapzory, 0.5 mg",0.5 MG,1.122,20.000,,,,,,
J0650,"Inj, levothyroxine nos 10mcg",10 MCG,7.698,20.000,,,,,,
J0651,"Inj, levothyroxine, freskabi",10 MCG,7.095,20.000,,,,,,
J0652,"Inj, levothyroxine, hikma",10 MCG,5.136,20.000,,,,,,
J0665,"Inj, bupivacaine, nos, 0.5mg",0.5 MG,0.010,20.000,,,,,,
J0666,"Inj, bupivacaine liposome",1 MG,1.493,20.000,,,,,,
J0670,Inj mepivacaine hcl/10 ml,10 ML,3.823,20.000,,,,,,
J0687,Inj cefazolin (wg crit care),500 MG,1.001,20.000,,,,,,
J0688,"Inj cefazolin sodium, hikma",500 MG,0.914,20.000,,,,,,
J0689,"Inj cefazolin sodium, baxter",500 MG,1.332,20.000,,,,,,
J0690,Cefazolin sodium injection,500 MG,0.835,20.000,,,,,,
J0692,Cefepime hcl for injection,500 MG,1.230,20.000,,,,,,
J0694,Cefoxitin sodium injection,1 GM,5.134,20.000,,,,,,
J0695,Inj ceftolozane tazobactam,75mg (50mg cft/25mg taz),9.128,17.660,,,,,,Inflation-adjusted coinsurance
J0696,Ceftriaxone sodium injection,250 MG,0.481,20.000,,,,,,
J0697,Sterile cefuroxime injection,750 MG,2.291,20.000,,,,,,
J0699,"Inj, cefiderocol, 10 mg",10 mg,2.400,20.000,,,,,,
J0701,Inj. cefepime hcl (baxter),500 MG,5.871,20.000,,,,,,
J0702,Betamethasone acet&sod phosp,3 MG & 3 MG,6.889,20.000,,,,,,
J0703,"Inj, cefepime hcl (b braun)",500 MG,5.074,20.000,,,,,,
J0712,Ceftaroline fosamil inj,10 MG,4.244,20.000,,,,,,
J0713,Inj ceftazidime per 500 mg,500 MG,1.642,20.000,,,,,,
J0714,Ceftazidime and avibactam,.625 GM,104.950,20.000,,,,,,
J0717,Certolizumab pegol inj 1mg,1 MG,4.486,20.000,,,,,,"""lesser of"" methodology applied"
J0725,Chorionic gonadotropin/1000u,1000 UNITS,17.512,20.000,,,,,,
J0735,Clonidine hydrochloride,1 MG,17.672,20.000,,,,,,
J0736,"Inj, clindamycin phosp 300mg",300 MG,1.671,20.000,,,,,,
J0737,"Inj, clindamycin (baxter)",300 MG,1.717,20.000,,,,,,
J0739,"Hiv prep, inj, cabotegravir",1 mg,7.033,0.000,,,,,,
J0740,Cidofovir injection,375 MG,529.375,20.000,,,,,,
J0741,"Inj, cabote rilpivir 2mg 3mg",2MG/3MG,23.629,20.000,,,,,,
J0742,Inj imip 4 cilas 4 releb 2mg,4 MG-4 MG-2 MG,2.611,20.000,,,,,,
J0743,Cilastatin sodium injection,250 MG,6.974,20.000,,,,,,
J0744,Ciprofloxacin iv,200 MG,2.319,20.000,,,,,,
J0750,"Hiv prep, ftc/tdf 200/300mg",200 mg/300 mg,1.736,0.000,,,,,,
J0751,"Hiv prep, ftc/taf 200/25mg",200 mg/25 mg,71.274,0.000,,,,,,
J0770,Colistimethate sodium inj,150 MG,11.389,20.000,,,,,,
J0775,"Collagenase, clost hist inj",0.01 MG,73.164,18.060,,,,,,Inflation-adjusted coinsurance
J0780,Prochlorperazine injection,10 MG,2.523,20.000,,,,,,
J0791,Inj crizanlizumab-tmca 5mg,5 MG,129.578,20.000,,,,,,
J0801,Inj. acthar gel to 40 units,40 UNITS,4187.427,20.000,,,,,,
J0802,"Inj. (ani), up to 40 units",up to 40 Units,3547.319,20.000,,,,,,
J0834,"Inj., cosyntropin, 0.25 mg",0.25 MG,28.021,20.000,,,,,,
J0840,Crotalidae poly immune fab,UP TO 1 GM,1861.133,20.000,,,,,,
J0841,Inj crotalidae im f(ab')2 eq,120 MG,1044.139,20.000,,,,,,
J0850,Cytomegalovirus imm iv /vial,PER VIAL,1809.444,20.000,,,,,,
J0870,"Injection, imetelstat, 1 mg",1 MG,57.023,20.000,,,,,,
J0872,Daptomycin (xellia) unrefrig,1 MG,0.052,20.000,,,,,,
J0873,Inj daptomycin (xellia),1 MG,0.041,20.000,,,,,,
J0874,"Inj, daptomycin (baxter)",1 MG,0.062,20.000,,,,,,
J0875,"Injection, dalbavancin",5 MG,15.550,20.000,,,,,,
J0877,"Inj, daptomycin (hospira)",1 MG,0.057,20.000,,,,,,
J0878,Daptomycin injection,1 MG,0.030,20.000,,,,,,AMP-based payment limit
J0881,"Darbepoetin alfa, non-esrd",1 MCG,2.995,20.000,,,,,,
J0882,"Darbepoetin alfa, esrd use",1 MCG,2.995,20.000,,,,,,
J0883,Argatroban nonesrd use 1mg,1 MG,0.739,20.000,,,,,,
J0884,Argatroban esrd dialysis 1mg,1 MG,0.739,20.000,,,,,,
J0885,"Epoetin alfa, non-esrd",1000 UNITS,7.676,20.000,,,,,,
J0887,Epoetin beta esrd use,1 MCG,1.414,20.000,,,,,,
J0888,Epoetin beta non esrd,1 MCG,1.414,20.000,,,,,,
J0893,"Inj, decitabine (sun pharma)",1 MG,0.777,20.000,,,,,,
J0894,Decitabine injection,1 MG,1.592,20.000,,,,,,
J0895,Deferoxamine mesylate inj,500 MG,9.016,20.000,,,,,,
J0896,Inj luspatercept-aamt 0.25mg,0.25 MG,41.962,20.000,,,,,,
J0897,Denosumab injection,1 MG,29.237,17.422,,,,,,Inflation-adjusted coinsurance
J0898,Argatroban nonesrd (auromed),1 MG,1.450,20.000,,,,,,
J0899,"Argatroban dialysis, auromed",1 MG,1.450,20.000,,,,,,
J1000,Depo-estradiol cypionate inj,5 MG,46.911,20.000,,,,,,
J1010,"Inj, methylpred acetate 1 mg",1 MG,0.120,20.000,,,,,,
J1071,Inj testosterone cypionate,1 MG,0.031,20.000,,,,,,
J1072,"Inj, testosterone, azmiro",1 MG,1.325,20.000,,,,,,Added July 2025
J1096,Dexametha opth insert 0.1 mg,0.1 MG,101.486,20.000,,,,,,
J1100,Dexamethasone sodium phos,1 MG,0.119,20.000,,,,,,
J1110,Inj dihydroergotamine mesylt,1 MG,97.073,20.000,,,,,,
J1120,Acetazolamid sodium injectio,500 MG,17.226,20.000,,,,,,
J1160,Digoxin injection,0.5 MG,4.001,20.000,,,,,,
J1162,Digoxin immune fab (ovine),PER VIAL,4968.580,20.000,,,,,,
J1163,"Inj, diltiazem hcl, 0.5 mg",0.5 MG,0.037,20.000,,,,,,Added July 2025
J1165,Phenytoin sodium injection,50 MG,0.657,20.000,,,,,,
J1171,"Inj, hydromorphone, 0.1 mg",0.1 MG,0.085,20.000,,,,,,
J1190,Dexrazoxane hcl injection,250 MG,32.085,20.000,,,,,,
J1200,Diphenhydramine hcl injectio,50 MG,0.904,20.000,,,,,,
J1201,Inj. cetirizine hcl 0.5mg,0.5 MG,16.397,20.000,,,,,,
J1203,"Inj, cipaglucosidase, 5 mg",5 MG,89.797,20.000,,,,,,
J1205,Chlorothiazide sodium inj,500 MG,40.382,20.000,,,,,,
J1212,Dimethyl sulfoxide 50% 50 ml,50 ML,742.895,20.000,,,,,,
J1230,Methadone injection,10 MG,22.914,20.000,,,,,,
J1240,Dimenhydrinate injection,50 MG,7.741,20.000,,,,,,
J1245,Dipyridamole injection,10 MG,3.863,20.000,,,,,,
J1250,Inj dobutamine hcl/250 mg,250 MG,7.977,20.000,,,,,,
J1265,Dopamine injection,40 MG,0.656,20.000,,,,,,
J1270,"Injection, doxercalciferol",1 MCG,0.374,20.000,,,,,,
J1271,Inj doxycycline hyclate 1 mg,1 MG,0.116,20.000,,,,,,
J1290,Ecallantide injection,1 MG,579.987,20.000,,,,,,
J1299,"Inj, eculizumab, 2 mg",2 MG,44.771,20.000,,,,,,
J1301,"Injection, edaravone, 1 mg",1 MG,18.837,20.000,,,,,,
J1302,"Inj, sutimlimab-jome, 10 mg",10 MG,18.109,20.000,,,,,,
J1303,"Inj., ravulizumab-cwvz 10 mg",10 MG,225.193,20.000,,,,,,
J1304,Inj tofersen intrathec 1 mg,1 MG,155.340,20.000,,,,,,
J1305,"Inj, evinacumab-dgnb, 5mg",5 MG,189.752,20.000,,,,,,
J1306,"Injection, inclisiran, 1 mg",1 MG,12.351,20.000,,,,,,
J1308,"Inj, famotidine, 0.25 mg",0.25 MG,0.009,20.000,,,,,,
J1322,"Elosulfase alfa, injection",1 MG,306.795,20.000,,,,,,
J1323,"Inj, elranatamab-bcmm, 1 mg",1 MG,185.310,20.000,,,,,,
J1325,Epoprostenol injection,0.5 MG,16.200,20.000,,,,,,
J1326,"Inj, zolbetuximab-clzb, 2 mg",2 MG,33.557,20.000,,,,,,Added July 2025
J1335,Ertapenem injection,500 MG,9.021,20.000,,,,,,
J1364,Erythro lactobionate /500 mg,500 MG,75.053,20.000,,,,,,
J1380,Estradiol valerate 10 mg inj,10 MG,7.712,20.000,,,,,,
J1410,Inj estrogen conjugate 25 mg,25 MG,390.743,20.000,,,,,,
J1430,Ethanolamine oleate 100 mg,100 MG,519.516,20.000,,,,,,
J1434,"Inj, focinvez, 1mg",1 MG,2.869,20.000,,,,,,
J1437,Inj. fe derisomaltose 10 mg,10 MG,18.951,20.000,,,,,,
J1439,Inj ferric carboxymaltos 1mg,1 MG,1.144,20.000,,,,,,
J1440,Fecal microbiota jslm 1 ml,1 ML,64.030,20.000,,,,,,
J1442,Inj filgrastim excl biosimil,1 MCG,0.985,20.000,,,,,,
J1447,Inj tbo filgrastim 1 microg,1 MCG,0.295,20.000,,,,,,
J1448,"Injection, trilaciclib, 1mg",1 MG,5.393,20.000,,,,,,
J1449,Inj eflapegrastim-xnst 0.1mg,0.1 MG,21.117,20.000,,,,,,
J1450,Fluconazole,200 MG,2.256,20.000,,,,,,
J1453,Fosaprepitant injection,1 MG,0.114,20.000,,,,,,
J1454,"Inj fosnetupitant, palonoset",0.25 MG,606.354,20.000,,,,,,
J1455,Foscarnet sodium injection,1000 MG,15.584,20.000,,,,,,
J1456,"Inj, fosaprepitant (teva)",1 MG,1.130,7.136,,,,,,Inflation-adjusted coinsurance
J1458,Galsulfase injection,1 MG,505.505,19.774,,,,,,Inflation-adjusted coinsurance
J1459,Inj ivig privigen 500 mg,500 MG,50.432,20.000,,,,,,
J1460,Gamma globulin 1 cc inj,1 CC,48.423,20.000,,,,,,
J1551,Inj cutaquig 100 mg,100 MG,14.207,20.000,,,,,,
J1552,"Inj, alyglo, 500 mg",500 MG,131.122,20.000,,,,,,
J1554,Inj. asceniv,500 MG,496.505,20.000,,,,,,
J1555,"Inj cuvitru, 100 mg",100 MG,17.589,19.621,,,,,,Inflation-adjusted coinsurance
J1556,"Inj, imm glob bivigam, 500mg",500 MG,77.266,20.000,,,,,,
J1557,Gammaplex injection,500 MG,62.466,20.000,,,,,,
J1558,"Inj. xembify, 100 mg",100 MG,14.911,20.000,,,,,,
J1559,Hizentra injection,100 MG,14.123,19.318,,,,,,Inflation-adjusted coinsurance
J1560,Gamma globulin > 10 cc inj,10 CC,167.062,20.000,,,,,,
J1561,Gamunex-c/gammaked,500 MG,48.030,20.000,,,,,,
J1566,"Immune globulin, powder",500 MG,81.702,20.000,,,,,,
J1568,Octagam injection,500 MG,48.376,20.000,,,,,,
J1569,Gammagard liquid injection,500 MG,47.797,20.000,,,,,,
J1570,Ganciclovir sodium injection,500 MG,39.619,20.000,,,,,,
J1571,Hepagam b im injection,0.5 ML,71.663,20.000,,,,,,
J1573,"Hepagam b intravenous, inj",0.5 ML,71.663,20.000,,,,,,
J1575,Hyqvia 100mg immuneglobulin,100 MG,18.386,19.596,,,,,,Inflation-adjusted coinsurance
J1576,"Inj, panzyga, 500 mg",500 MG,74.457,18.013,,,,,,Inflation-adjusted coinsurance
J1580,Garamycin gentamicin inj,80 MG,2.615,20.000,,,,,,
J1596,"Inj, glycopyrrolate, 0.1 mg",0.1 MG,0.433,20.000,,,,,,
J1598,Inj glycopyrrolate fres kabi,0.1 MG,1.852,20.000,,,,,,
J1602,Golimumab for iv use 1mg,1 MG,11.029,20.000,,,,,,
J1610,Glucagon hydrochloride/1 mg,1 MG,195.791,20.000,,,,,,
J1611,"Inj glucagon hcl, fresenius",1 MG,144.882,20.000,,,,,,
J1626,Granisetron hcl injection,100 MCG,0.226,20.000,,,,,,
J1627,"Inj, granisetron, xr, 0.1 mg",0.1 MG,4.960,20.000,,,,,,
J1628,"Inj., guselkumab, 1 mg",1 MG,74.863,20.000,,,,,,
J1630,Haloperidol injection,5 MG,0.836,20.000,,,,,,
J1631,Haloperidol decanoate inj,50 MG,4.682,20.000,,,,,,
J1640,"Hemin, 1 mg",1 MG,34.165,18.799,,,,,,Inflation-adjusted coinsurance
J1642,Inj heparin sodium per 10 u,10 UNITS,0.019,20.000,,,,,,
J1643,"Inj heparin, pfizer, 1000u",1000 UNITS,3.007,20.000,,,,,,
J1644,Inj heparin sodium per 1000u,1000 UNITS,0.218,20.000,,,,,,
J1645,Dalteparin sodium,2500 IU,18.041,11.620,,,,,,Inflation-adjusted coinsurance
J1650,Inj enoxaparin sodium,10 MG,0.569,20.000,,,,,,
J1652,Fondaparinux sodium,0.5 MG,0.719,20.000,,,,,,AMP-based payment limit
J1670,Tetanus immune globulin inj,250 UNITS,577.046,20.000,,,,,,
J1720,Hydrocortisone sodium succ i,100 MG,21.201,20.000,,,,,,
J1740,Ibandronate sodium injection,1 MG,30.802,20.000,,,,,,
J1741,Ibuprofen injection,100 MG,3.044,20.000,,,,,,
J1743,Idursulfase injection,1 MG,558.560,20.000,,,,,,
J1745,Infliximab not biosimil 10mg,10 MG,31.179,20.000,,,,,,
J1746,"Inj., ibalizumab-uiyk, 10 mg",10 MG,79.386,19.695,,,,,,Inflation-adjusted coinsurance
J1747,"Inj, spesolimab-sbzo, 1 mg",1 MG,65.728,19.534,,,,,,Inflation-adjusted coinsurance
J1749,"Inj, iloprost, 0.1 mcg",0.1 MCG,5.713,20.000,,,,,,Added July 2025
J1750,Inj iron dextran,50 MG,18.026,20.000,,,,,,
J1756,Iron sucrose injection,1 MG,0.224,20.000,,,,,,
J1786,Imuglucerase injection,10 UNITS,43.291,20.000,,,,,,
J1790,Droperidol injection,up to 5 MG,5.361,20.000,,,,,,
J1805,"Inj, esmolol hcl, 10mg",10 MG,0.282,20.000,,,,,,
J1806,Inj esmolol hcl wg crit care,10 MG,0.417,20.000,,,,,,
J1808,"Inj, folic acid, 0.1 mg",0.1 MG,0.058,20.000,,,,,,
J1811,Fiasp for insulin pump use,50 UNITS,7.762,20.000,,,,,,
J1813,Lyumjev for insulin pump use,50 UNITS,15.272,20.000,,,,,,
J1817,Insulin for insulin pump use,50 UNITS,3.237,20.000,,,,,,
J1823,"Inj. inebilizumab-cdon, 1 mg",1 MG,494.434,20.000,,,,,,
J1836,"Inj, metronidazole, 10 mg",10 MG,0.029,20.000,,,,,,
J1885,Ketorolac tromethamine inj,15 MG,0.346,20.000,,,,,,
J1920,"Inj, labetalol hcl, 5mg",5 MG,0.389,20.000,,,,,,
J1921,"Inj labetalol hcl hikma, 5mg",5 MG,1.382,20.000,,,,,,
J1930,Lanreotide injection,1 MG,36.657,20.000,,,,,,
J1931,Laronidase injection,0.1 MG,39.881,20.000,,,,,,
J1932,"Inj, lanreotide, (cipla) 1mg",1 MG,24.450,20.000,,,,,,
J1938,"Inj, furosemide, 1 mg",1 MG,0.021,20.000,,,,,,
J1939,"Inj, bumetanide, 0.5 mg",0.5 MG,0.608,20.000,,,,,,
J1943,"Inj., aristada initio, 1 mg",1 MG,3.255,20.000,,,,,,
J1944,Aripiprazole lauroxil 1 mg,1 MG,3.334,20.000,,,,,,
J1950,Leuprolide acetate /3.75 mg,3.75 MG,1737.097,18.281,,,,,,Inflation-adjusted coinsurance
J1951,Inj fensolvi 0.25 mg,0.25 MG,140.426,20.000,,,,,,
J1952,"Leuprolide inj, camcevi, 1mg",1 mg,51.405,20.000,,,,,,
J1953,Levetiracetam injection,10 MG,0.047,20.000,,,,,,
J1954,Inj leu acet lutr dpt 7.5 mg,7.5 MG,220.743,20.000,,,,,,
J1955,Inj levocarnitine per 1 gm,1 GM,24.292,20.000,,,,,,
J1956,Levofloxacin injection,250 MG,1.959,20.000,,,,,,
J1961,"Inj, lenacapavir, 1 mg",1 MG,22.024,20.000,,,,,,
J2002,"Inj, lidocaine in d5w, 1 mg",1 MG,0.003,20.000,,,,,,
J2010,Lincomycin injection,300 MG,5.610,20.000,,,,,,
J2020,Linezolid injection,200 MG,3.470,20.000,,,,,,
J2021,"Inj, linezolid (hospira)",200 MG,6.338,20.000,,,,,,
J2060,Lorazepam injection,2 MG,1.315,20.000,,,,,,
J2150,Mannitol injection,50 ML,2.236,20.000,,,,,,
J2175,Meperidine hydrochl /100 mg,100 MG,15.694,20.000,,,,,,
J2182,"Injection, mepolizumab, 1mg",1 MG,31.326,20.000,,,,,,
J2183,Inj meropenem (wg crit care),100 MG,1.624,20.000,,,,,,
J2184,"Inj, meropenem (b. braun)",100 MG,2.075,9.587,,,,,,Inflation-adjusted coinsurance
J2185,Meropenem,100 MG,0.436,20.000,,,,,,
J2210,Methylergonovin maleate inj,0.2 MG,22.057,20.000,,,,,,
J2246,"Inj, micafungin (baxter)",1 MG,0.511,20.000,,,,,,
J2247,"Inj, micafungin (par pharm)",1 MG,0.360,20.000,,,,,,
J2248,Micafungin sodium injection,1 MG,0.308,20.000,,,,,,
J2250,Inj midazolam hydrochloride,1 MG,0.159,20.000,,,,,,
J2251,Inj midazolam in 0.9% nacl,1 MG,0.169,20.000,,,,,,
J2260,Inj milrinone lactate / 5 mg,5 MG,1.404,20.000,,,,,,
J2267,"Inj, mirikizumab-mrkz, 1 mg",1 MG,48.273,14.826,,,,,,Inflation-adjusted coinsurance
J2270,Morphine sulfate injection,10 MG,4.545,20.000,,,,,,
J2272,"Inj, morphine (fresenius)",10 MG,8.134,20.000,,,,,,
J2274,Inj morphine pf epid ithc,10 MG,10.792,20.000,,,,,,
J2277,"Inj, motixafortide, 0.25 mg",0.25 MG,25.218,20.000,,,,,,
J2278,Ziconotide injection,1 MCG,10.129,20.000,,,,,,
J2280,"Inj, moxifloxacin 100 mg",100 MG,8.711,20.000,,,,,,
J2281,Inj moxifloxacin (fres kabi),100 MG,7.761,20.000,,,,,,
J2290,"Inj, nafcillin sodium, 20 mg",20 MG,0.057,20.000,,,,,,Added July 2025
J2300,Inj nalbuphine hydrochloride,10 MG,3.514,20.000,,,,,,
J2305,"Inj, nitroglycerin, 5 mg",5 MG,1.419,20.000,,,,,,
J2312,"Inj naloxone hcl nos, 0.01mg",0.01 MG,0.068,20.000,,,,,,Added July 2025
J2313,"Inj, naloxone (zimhi) 0.01mg",0.01 MG,0.015,20.000,,,,,,Added July 2025
J2315,"Naltrexone, depot form",1 MG,4.238,19.692,,,,,,Inflation-adjusted coinsurance
J2323,Natalizumab injection,1 MG,24.126,20.000,,,,,,
J2327,Inj risankizumab-rzaa 1 mg,1 MG,14.840,20.000,,,,,,
J2329,"Inj ublituximab-xiiy, 1 mg",1 MG,71.904,19.538,,,,,,Inflation-adjusted coinsurance
J2350,"Injection, ocrelizumab, 1 mg",1 MG,59.704,20.000,,,,,,
J2351,Inj ocrelizumab 1mg hya-ocsq,1 MG,47.242,20.000,,,,,,
J2353,"Octreotide injection, depot",1 MG,212.199,20.000,,,,,,
J2354,"Octreotide inj, non-depot",25 MCG,0.606,20.000,,,,,,
J2356,"Inj tezepelumab-ekko, 1mg",1 MG,18.301,20.000,,,,,,"""lesser of"" methodology applied"
J2357,Omalizumab injection,5 MG,40.563,20.000,,,,,,"""lesser of"" methodology applied"
J2358,Olanzapine long-acting inj,1 MG,2.917,20.000,,,,,,
J2359,"Inj. olanzapine, 0.5mg",0.5 MG,0.909,20.000,,,,,,
J2360,Orphenadrine injection,60 MG,9.448,20.000,,,,,,AMP-based payment limit
J2371,Inj phenylephrine hcl 20 mcg,20 MCG,0.002,20.000,,,,,,
J2372,"Inj, biorphen, 20 micrograms",20 MCG,0.167,20.000,,,,,,
J2373,"Inj, immphentiv, 20 mcg",20 MCG,0.129,20.000,,,,,,
J2401,Chloroprocaine hcl injection,1 MG,0.039,20.000,,,,,,
J2403,"Chloroprocaine opht gel, 1mg",1 MG,0.599,20.000,,,,,,
J2404,"Inj, nicardipine 0.1 mg",0.1 MG,0.086,20.000,,,,,,
J2405,Ondansetron hcl injection,1 MG,0.092,20.000,,,,,,
J2406,"Injection, oritavancin 10 mg",10 MG,41.404,20.000,,,,,,
J2407,"Injection, oritavancin",10 MG,28.521,20.000,,,,,,
J2425,Palifermin injection,50 MCG,35.914,16.184,,,,,,Inflation-adjusted coinsurance
J2426,"Inj, invega sustenna, 1 mg",1 MG,15.084,20.000,,,,,,
J2427,"Inj, invega hafyera/trinza",1MG,12.955,20.000,,,,,,
J2430,Pamidronate disodium /30 mg,30 MG,11.160,20.000,,,,,,
J2468,"Inj, palonosetron (posfrea)",25 MCG,58.835,20.000,,,,,,
J2469,Palonosetron hcl,25 MCG,0.445,20.000,,,,,,AMP-based payment limit
J2501,Paricalcitol,1 MCG,0.671,20.000,,,,,,
J2502,"Inj, pasireotide long acting",1 MG,563.790,15.139,,,,,,Inflation-adjusted coinsurance
J2506,Inj pegfilgrast ex bio 0.5mg,0.5 MG,58.399,20.000,,,,,,
J2507,Pegloticase injection,1 MG,3638.863,19.360,,,,,,Inflation-adjusted coinsurance
J2508,Pegunigalsidase alfa-iwxj,1 MG,230.278,19.653,,,,,,Inflation-adjusted coinsurance
J2540,Penicillin g potassium inj,600000 UNITS,0.879,20.000,,,,,,
J2543,Piperacillin/tazobactam,1.125 GM,1.108,20.000,,,,,,
J2545,Pentamidine non-comp unit,300 MG,82.370,20.000,,,,,,
J2550,Promethazine hcl injection,50 MG,2.867,20.000,,,,,,
J2560,Phenobarbital sodium inj,120 MG,27.362,20.000,,,,,,
J2562,Plerixafor injection,1 MG,119.469,20.000,,,,,,
J2597,Inj desmopressin acetate,1 MCG,3.894,20.000,,,,,,
J2598,"Inj, vasopressin, 1 unit",1 UNIT,1.255,20.000,,,,,,
J2599,Inj vasopressin (am reg) 1 u,1 UNIT,0.475,20.000,,,,,,
J2601,"Inj, vasopressin (baxter)",1 UNIT,2.936,20.000,,,,,,
J2675,Inj progesterone per 50 mg,50 MG,0.626,20.000,,,,,,
J2679,Inj fluphenazine hcl 1.25 mg,1.25 MG,7.427,20.000,,,,,,
J2680,Fluphenazine decanoate 25 mg,25 MG,7.532,20.000,,,,,,
J2690,Procainamide hcl injection,1 GM,194.316,20.000,,,,,,
J2700,Oxacillin sodium injeciton,250 MG,0.822,20.000,,,,,,
J2704,"Inj, propofol, 10 mg",10 MG,0.090,20.000,,,,,,
J2720,Inj protamine sulfate/10 mg,10 MG,1.637,20.000,,,,,,
J2724,Protein c concentrate,10 UNITS,1.503,20.000,,,,,,
J2760,Phentolaine mesylate inj,5 MG,436.507,20.000,,,,,,
J2765,Metoclopramide hcl injection,10 MG,0.997,20.000,,,,,,
J2777,"Inj, faricimab-svoa, 0.1mg",0.1 MG,34.478,20.000,,,,,,
J2778,Ranibizumab injection,0.1 mg,91.112,20.000,,,,,,
J2779,"Inj, susvimo 0.1 mg",0.1 MG,78.431,20.000,,,,,,
J2781,"Inj, pegcetacoplan, 1mg",1 MG,141.910,20.000,,,,,,
J2782,Inj avacincaptad pegol 0.1mg,0.1 MG,105.896,20.000,,,,,,
J2783,Rasburicase,0.5 MG,376.480,20.000,,,,,,
J2785,Regadenoson injection,0.1 MG,2.892,20.000,,,,,,
J2786,"Injection, reslizumab, 1mg",1 MG,10.575,20.000,,,,,,
J2788,Rho d immune globulin 50 mcg,50 MCG (250 IU),27.859,20.000,,,,,,
J2790,Rho d immune globulin inj,300 MCG (1500 IU),82.423,20.000,,,,,,
J2791,Rhophylac injection,100 IU,4.967,20.000,,,,,,
J2792,"Rho(d) immune globulin h, sd",100 IU,30.772,20.000,,,,,,
J2794,"Inj risperdal consta, 0.5 mg",0.5 MG,10.941,20.000,,,,,,
J2795,Ropivacaine hcl injection,1 MG,0.061,20.000,,,,,,
J2798,"Inj., perseris, 0.5 mg",0.5 mg,12.137,20.000,,,,,,
J2799,"Inj, uzedy, 1 mg",1 MG,25.075,20.000,,,,,,
J2800,Methocarbamol injection,10 ML,4.786,20.000,,,,,,
J2802,"Inj, romiplostim 1 microgram",1 MCG,10.996,18.178,,,,,,Inflation-adjusted coinsurance
J2804,"Inj, rifampin, 1 mg",1 MG,0.158,20.000,,,,,,
J2805,Sincalide injection,5 MCG,135.973,20.000,,,,,,
J2820,Sargramostim injection,50 MCG,56.091,20.000,,,,,,
J2860,"Injection, siltuximab",10 MG,161.955,18.284,,,,,,Inflation-adjusted coinsurance
J2865,Inj sulfameth/trim 5 mg/1 mg,5MG-1MG,0.051,20.000,,,,,,
J2916,Na ferric gluconate complex,12.5 MG,2.179,20.000,,,,,,
J2919,"Inj, methylpred sod succ 5mg",5 MG,0.259,20.000,,,,,,
J2997,Alteplase recombinant,1 MG,94.152,20.000,,,,,,
J3000,Streptomycin injection,1 GM,31.353,20.000,,,,,,
J3010,Fentanyl citrate injection,0.1 MG,0.964,20.000,,,,,,
J3032,Inj. eptinezumab-jjmr 1 mg,1 MG,19.847,19.095,,,,,,Inflation-adjusted coinsurance
J3055,Inj talquetamab-tgvs 0.25 mg,0.25 MG,72.396,19.315,,,,,,Inflation-adjusted coinsurance
J3060,"Inj, taliglucerase alfa 10 u",10 UNITS,41.064,20.000,,,,,,
J3090,Inj tedizolid phosphate,1 MG,1.913,20.000,,,,,,
J3095,Telavancin injection,10 MG,7.467,20.000,,,,,,
J3101,Tenecteplase injection,1 MG,171.938,19.043,,,,,,Inflation-adjusted coinsurance
J3105,Terbutaline sulfate inj,1 MG,2.742,20.000,,,,,,
J3111,Inj. romosozumab-aqqg 1 mg,1 MG,12.004,18.829,,,,,,Inflation-adjusted coinsurance
J3121,Inj testostero enanthate 1mg,1 MG,0.055,20.000,,,,,,
J3145,Testosterone undecanoate 1mg,1 MG,1.993,19.097,,,,,,Inflation-adjusted coinsurance
J3230,Chlorpromazine hcl injection,50 MG,27.070,20.000,,,,,,
J3240,Thyrotropin injection,0.9 MG,2113.238,20.000,,,,,,
J3241,Inj. teprotumumab-trbw 10 mg,10 MG,359.089,20.000,,,,,,
J3243,Tigecycline injection,1 MG,0.507,20.000,,,,,,
J3245,"Inj., tildrakizumab, 1 mg",1 MG,126.238,20.000,,,,,,
J3246,Tirofiban hcl,0.25 MG,3.429,20.000,,,,,,
J3247,Inj secukinumab intrav 1mg,1 MG,17.844,20.000,,,,,,
J3250,Trimethobenzamide hcl inj,200 MG,53.401,20.000,,,,,,
J3260,Tobramycin sulfate injection,80 MG,2.460,20.000,,,,,,
J3262,Tocilizumab injection,1 MG,5.786,20.000,,,,,,
J3263,"Inj, toripalimab-tpzi, 1 mg",1 MG,39.499,20.000,,,,,,
J3285,Treprostinil injection,1 MG,55.483,20.000,,,,,,
J3299,Inj xipere 1 mg,1 MG,48.000,20.000,,,,,,
J3300,Triamcinolone a inj prs-free,1 MG,24.508,3.852,,,,,,Inflation-adjusted coinsurance
J3301,Triamcinolone acet inj nos,10 MG,0.862,20.000,,,,,,
J3304,Inj triamcinolone ace xr 1mg,1 MG,18.209,20.000,,,,,,
J3315,Triptorelin pamoate,3.75 MG,491.899,20.000,,,,,,
J3316,"Inj., triptorelin xr 3.75 mg",3.75 MG,3772.850,19.596,,,,,,Inflation-adjusted coinsurance
J3358,"Ustekinumab, iv inject, 1 mg",1 MG,13.290,20.000,,,,,,
J3360,Diazepam injection,5 MG,6.170,20.000,,,,,,
J3373,"Inj, vancomycin hcl, 10 mg",10 MG,0.031,20.000,,,,,,Added July 2025
J3374,"Inj, vancomycin (mylan) 10mg",10 MG,0.121,20.000,,,,,,Added July 2025
J3375,Inj vancomycin (xellia) 10mg,10 MG,0.134,20.000,,,,,,Added July 2025
J3380,Inj vedolizumab iv 1 mg,1 MG,22.062,20.000,,,,,,
J3385,Velaglucerase alfa,100 UNITS,380.183,20.000,,,,,,
J3396,Verteporfin injection,0.1 MG,11.552,20.000,,,,,,
J3401,"Vyjuvek 5x10^9pfu/ml, 0.1 ml",0.1 ML,1037.118,20.000,,,,,,
J3410,Hydroxyzine hcl injection,25 MG,16.928,20.000,,,,,,
J3411,Thiamine hcl 100 mg,100 MG,1.787,20.000,,,,,,
J3415,Pyridoxine hcl 100 mg,100 MG,12.799,20.000,,,,,,
J3420,Vitamin b12 injection,1000 MCG,0.947,20.000,,,,,,
J3425,Hydroxocobalamin im 10mcg,10 MCG,0.008,20.000,,,,,,
J3430,Vitamin k phytonadione inj,1 MG,2.844,20.000,,,,,,
J3465,"Injection, voriconazole",10 MG,0.778,20.000,,,,,,
J3470,Hyaluronidase injection,150 UNITS,31.554,20.000,,,,,,
J3471,"Ovine, up to 999 usp units",1 USP UNIT,0.499,20.000,,,,,,
J3473,Hyaluronidase recombinant,1 USP UNIT,0.363,20.000,,,,,,
J3475,Inj magnesium sulfate,500 MG,0.499,20.000,,,,,,
J3480,Inj potassium chloride,2 MEQ,0.169,20.000,,,,,,
J3485,Zidovudine,10 MG,1.514,20.000,,,,,,
J3486,Ziprasidone mesylate,10 MG,3.138,20.000,,,,,,
J3489,Zoledronic acid 1mg,1 MG,5.203,20.000,,,,,,
J7030,Normal saline solution infus,1000 CC,2.279,20.000,,,,,,
J7040,Normal saline solution infus,500 ML,1.376,20.000,,,,,,
J7042,5% dextrose/normal saline,500 ML,1.355,20.000,,,,,,
J7050,Normal saline solution infus,250 CC,0.711,20.000,,,,,,
J7060,5% dextrose/water,500 ML,2.026,20.000,,,,,,
J7070,D5w infusion,1000 CC,3.041,20.000,,,,,,
J7120,Ringers lactate infusion,1000 CC,2.462,20.000,,,,,,
J7170,"Inj., emicizumab-kxwh 0.5 mg",0.5 MG,57.434,20.000,,,,,1,
J7171,"Inj, adzynma, 10 iu",10 UNITS,35.585,20.000,,,,,,
J7172,"Inj marstacim-hncq, 0.5 mg",0.5 MG,50.714,20.000,,,,,1,Added July 2025
J7175,"Inj, factor x, (human), 1iu",1 IU,9.911,20.000,,,,,1,
J7177,"Inj., fibryga, 1 mg",1 MG,1.208,20.000,,,,,1,
J7178,Inj human fibrinogen con nos,1 MG,1.519,20.000,,,,,1,
J7179,Vonvendi inj 1 iu vwf:rco,1 IU,1.846,20.000,,,,,1,
J7180,Factor xiii anti-hem factor,1 IU,10.779,20.000,,,,,1,
J7181,Factor xiii recomb a-subunit,1 IU,18.294,20.000,,,,,1,
J7182,Factor viii recomb novoeight,1 IU,1.517,20.000,,,,,1,
J7183,Wilate injection,1 I.U. VWF:RCO,1.271,20.000,,,,,1,
J7185,Xyntha inj,1 IU,1.540,20.000,,,,,1,
J7186,Antihemophilic viii/vwf comp,PER FACTOR VIII IU,1.227,20.000,,,,,1,
J7187,"Humate-p, inj",1 IU,1.488,20.000,,,,,1,
J7188,Factor viii recomb obizur,1 IU,3.229,20.000,,,,,1,
J7189,Factor viia recomb novoseven,1 MCG,2.646,20.000,,,,,1,
J7190,Factor viii,1 IU,1.130,20.000,,,,,1,
J7192,Factor viii recombinant nos,1 IU,1.535,20.000,,,,,1,
J7193,Factor ix non-recombinant,1 IU,1.335,20.000,,,,,1,
J7194,Factor ix complex,1 IU,1.704,20.000,,,,,1,
J7195,Factor ix recombinant nos,1 IU,1.875,20.000,,,,,1,
J7197,Antithrombin iii injection,1 IU,4.086,19.670,,,,,,Inflation-adjusted coinsurance
J7198,Anti-inhibitor,1 IU,2.451,20.000,,,,,1,
J7200,Factor ix recombinan rixubis,1 IU,1.569,20.000,,,,,1,
J7201,Factor ix alprolix recomb,1 IU,3.626,20.000,,,,,1,
J7202,Factor ix idelvion inj,1 IU,5.343,20.000,,,,,1,
J7203,Factor ix recomb gly rebinyn,1 IU,4.579,20.000,,,,,1,
J7204,Inj recombin esperoct per iu,1 IU,2.261,20.000,,,,,1,
J7205,Factor viii fc fusion recomb,1 IU,2.422,20.000,,,,,1,
J7207,Factor viii pegylated recomb,1 IU,2.154,20.000,,,,,1,
J7208,Inj. jivi 1 iu,1 IU,2.651,19.204,,,,,1,Inflation-adjusted coinsurance
J7209,Factor viii nuwiq recomb 1iu,1 IU,1.176,20.000,,,,,1,
J7210,"Inj, afstyla, 1 i.u.",1 IU,1.579,20.000,,,,,1,
J7211,"Inj, kovaltry, 1 i.u.",1 IU,1.580,19.554,,,,,1,Inflation-adjusted coinsurance
J7212,Factor viia recomb sevenfact,1 MCG,2.399,20.000,,,,,1,
J7213,"Inj, ixinity, 1 i.u.",1 IU,1.913,19.840,,,,,1,Inflation-adjusted coinsurance
J7214,Altuviiio per factor viii iu,1 IU,4.672,20.000,,,,,1,
J7308,Aminolevulinic acid hcl top,354 MG,393.874,20.000,,,,,,
J7311,"Inj., retisert, 0.01 mg",0.01 MG,339.763,20.000,,,,,,
J7312,Dexamethasone intra implant,0.1 MG,205.276,20.000,,,,,,
J7313,"Inj., iluvien, 0.01 mg",0.01 MG,497.796,20.000,,,,,,
J7314,"Inj., yutiq, 0.01 mg",0.01 MG,532.582,20.000,,,,,,
J7318,"Inj, durolane 1 mg",1 MG,6.684,20.000,,,,,,
J7320,"Genvisc 850, inj, 1mg",1 MG,6.023,20.000,,,,,,
J7321,Hyalgan supartz visco-3 dose,per dose,73.387,20.000,,,,,,
J7322,Hymovis injection 1 mg,1 MG,17.440,20.000,,,,,,
J7323,Euflexxa inj per dose,per dose,114.482,20.000,,,,,,
J7324,Orthovisc inj per dose,PER DOSE,97.698,20.000,,,,,,
J7325,Synvisc or synvisc-one,1 MG,9.090,20.000,,,,,,
J7326,Gel-one,per dose,524.017,20.000,,,,,,
J7327,Monovisc inj per dose,PER DOSE,528.576,20.000,,,,,,
J7328,Gelsyn-3 injection 0.1 mg,0.1 MG,0.653,20.000,,,,,,
J7329,"Inj, trivisc 1 mg",1 MG,5.445,20.000,,,,,,
J7331,"Synojoynt, inj., 1 mg",1 MG,5.613,20.000,,,,,,
J7332,"Inj., triluron, 1 mg",1 MG,10.164,20.000,,,,,,
J7336,Capsaicin 8% patch,1 SQ CM,3.380,20.000,,,,,,
J7340,Carbidopa levodopa ent 100ml,100 ML,243.148,20.000,,,,,,
J7345,"Aminolevulinic acid, 10% gel",10 MG,1.811,20.000,,,,,,
J7351,Inj bimatoprost itc imp1mcg,1 MCG,212.364,20.000,,,,,,
J7354,"Cantharidin top, applicator",Per 3.2 mg single-use applicator,669.594,20.000,,,,,,
J7355,Inj travoprost intra impl,1 MCG,195.252,20.000,,,,,,
J7402,Mometasone sinus sinuva,10 MCG,11.345,20.000,,,,,,
J7500,Azathioprine oral 50mg,50 MG,2.141,20.000,,,,,,
J7502,Cyclosporine oral 100 mg,100 MG,2.069,20.000,,,,,,
J7503,Tacrol envarsus ex rel oral,0.25 MG,1.833,19.465,,,,,,Inflation-adjusted coinsurance
J7504,Lymphocyte immune globulin,250 MG,5013.110,11.445,,,,,,Inflation-adjusted coinsurance
J7507,Tacrolimus imme rel oral 1mg,1 MG,0.154,20.000,,,,,,
J7508,Tacrol astagraf ex rel oral,0.1 MG,0.586,20.000,,,,,,
J7509,Methylprednisolone oral,4 MG,0.233,20.000,,,,,,
J7510,Prednisolone oral per 5 mg,5 MG,0.273,20.000,,,,,,
J7511,Antithymocyte globuln rabbit,25 MG,996.392,20.000,,,,,,
J7512,Prednisone ir or dr oral 1mg,1 MG,0.004,20.000,,,,,,
J7515,Cyclosporine oral 25 mg,25 MG,0.769,20.000,,,,,,
J7516,"Inj, cyclosporine 250mg",250 MG,72.688,20.000,,,,,,
J7517,Mycophenolate mofetil oral,250 MG,0.157,20.000,,,,,,
J7518,Mycophenolic acid,180 MG,0.369,20.000,,,,,,
J7519,Inj. mycophenolate mofetil,10 MG,0.414,20.000,,,,,,
J7520,"Sirolimus, oral",1 MG,0.956,20.000,,,,,,
J7521,Tacrolim granules oral susp,0.1 MG,1.253,20.000,,,,,,
J7525,Tacrolimus injection,5 MG,262.230,19.983,,,,,,Inflation-adjusted coinsurance
J7527,Oral everolimus,0.25 MG,1.986,20.000,,,,,,
J7601,Ensifentrine inh 3 mg,3 MG,52.117,20.000,,,,,,
J7605,Arformoterol non-comp unit,15 mcg,0.791,20.000,,,,,,
J7606,"Formoterol fumarate, inh",20 MCG,1.966,20.000,,,,,,
J7608,Acetylcysteine non-comp unit,1 GM,8.892,20.000,,,,,,
J7611,Albuterol non-comp con,1 MG,0.161,20.000,,,,,,
J7612,Levalbuterol non-comp con,0.5 MG,0.300,20.000,,,,,,
J7613,Albuterol non-comp unit,1 MG,0.075,20.000,,,,,,
J7614,Levalbuterol non-comp unit,0.5 MG,0.088,20.000,,,,,,
J7620,Albuterol ipratrop non-comp,2.5 MG/0.5 MG,0.201,20.000,,,,,,
J7626,Budesonide non-comp unit,0.5 MG,1.275,20.000,,,,,,
J7631,Cromolyn sodium noncomp unit,10 MG,0.285,20.000,,,,,,
J7639,Dornase alfa non-comp unit,1 MG,55.156,20.000,,,,,,
J7644,Ipratropium bromide non-comp,1 MG,0.394,20.000,,,,,,
J7674,"Methacholine chloride, neb",1 MG,1.728,20.000,,,,,,
J7677,Revefenacin inh non-com 1mcg,1 MCG,0.191,20.000,,,,,,
J7682,Tobramycin non-comp unit,300 MG,14.457,20.000,,,,,,
J7686,"Treprostinil, non-comp unit", 1.74 MG,800.153,20.000,,,,,,
J8501,Oral aprepitant,5 MG,2.718,20.000,,,,,,
J8522,"Capecitabine, oral, 50 mg",50 MG,0.053,20.000,,,,,,
J8530,Cyclophosphamide oral 25 mg,25 MG,1.982,20.000,,,,,,
J8540,Oral dexamethasone,0.25 MG,0.016,20.000,,,,,,
J8560,Etoposide oral 50 mg,50 MG,75.763,20.000,,,,,,
J8610,Methotrexate oral 2.5 mg,2.5 MG,0.198,20.000,,,,,,
J8611,Oral methotrexate (jylamvo),2.5 MG,18.528,20.000,,,,,,Added July 2025
J8612,Oral methotrexate (xatmep),2.5 MG,22.659,20.000,,,,,,Added July 2025
J8655,"Oral netupitant, palonosetro",0.5 MG,409.520,18.767,,,,,,Inflation-adjusted coinsurance
J8670,"Rolapitant, oral, 1mg",1 MG,1.559,20.000,,,,,,
J8700,Temozolomide,5 MG,0.361,20.000,,,,,,
J8705,Topotecan oral,0.25 mg,124.901,20.000,,,,,,
J9000,Doxorubicin hcl injection,10 MG,2.723,20.000,,,,,,
J9017,Arsenic trioxide injection,1 MG,5.857,20.000,,,,,,
J9021,"Inj, aspara, rylaze, 0.1 mg",0.1 MG,55.299,19.330,,,,,,Inflation-adjusted coinsurance
J9022,"Inj, atezolizumab,10 mg",10 MG,91.021,20.000,,,,,,
J9023,"Injection, avelumab, 10 mg",10 MG,100.299,20.000,,,,,,
J9024,Inj atezolizumb 5mg hya-tqjs,5 MG,31.635,20.000,,,,,,
J9025,Azacitidine injection,1 MG,0.209,20.000,,,,,,
J9026,"Inj, tarlatamab-dlle, 1 mg",1 MG,1567.493,20.000,,,,,,
J9027,Clofarabine injection,1 MG,14.718,20.000,,,,,,
J9028,"Inj, nogapendekin pmln, 1mcg",1 MCG,94.115,20.000,,,,,,
J9029,"Instill adstiladrin, tx dose",PER THERAPEUTIC DOSE,63431.053,20.000,,,,,,
J9030,Bcg live intravesical 1mg,1 MG,3.123,20.000,,,,,,
J9032,"Injection, belinostat, 10mg",10 MG,52.040,19.708,,,,,,Inflation-adjusted coinsurance
J9033,"Inj, bendamustine hcl, 1mg",1 MG,1.850,20.000,,,,,,
J9034,"Inj., bendeka 1 mg",1 MG,13.120,20.000,,,,,,
J9035,Bevacizumab injection,10 MG,73.049,20.000,,,,,,
J9036,Inj. belrapzo/bendamustine,1 MG,11.993,20.000,,,,,,AMP-based payment limit
J9039,"Injection, blinatumomab",1 MCG,163.206,18.197,,,,,,Inflation-adjusted coinsurance
J9040,Bleomycin sulfate injection,15 UNITS,20.899,20.000,,,,,,
J9041,"Injection, bortezomib, 0.1mg",0.1 MG,1.589,20.000,,,,,,
J9042,Brentuximab vedotin inj,1 MG,258.516,17.773,,,,,,Inflation-adjusted coinsurance
J9043,Cabazitaxel injection,1 MG,227.100,20.000,,,,,,
J9045,Carboplatin injection,50 MG,2.111,20.000,,,,,,
J9047,"Injection, carfilzomib, 1 mg",1 MG,55.090,17.848,,,,,,Inflation-adjusted coinsurance
J9049,"Inj, bortezomib, hospira",0.1 MG,1.546,20.000,,,,,,
J9050,Carmustine injection,100 MG,173.643,20.000,,,,,,
J9055,Cetuximab injection,10 MG,78.467,20.000,,,,,,
J9056,"Inj, vivimusta, 1 mg",1 MG,28.058,20.000,,,,,,
J9060,Cisplatin 10 mg injection,10 MG,1.948,20.000,,,,,,
J9061,"Inj, amivantamab-vmjw",2 MG,22.207,18.764,,,,,,Inflation-adjusted coinsurance
J9063,"Inj, elahere, 1 mg",1 MG,69.520,20.000,,,,,,
J9065,Inj cladribine per 1 mg,1 MG,9.726,20.000,,,,,,
J9071,Inj cyclophosphamd auromedic,5 MG,0.784,20.000,,,,,,
J9072,Inj cyclophos avyxa 5mg,5 MG,9.003,20.000,,,,,,
J9073,Inj cyclophos dr reddys 5 mg,5 MG,1.156,20.000,,,,,,
J9074,"Inj, cyclophosphamd, sandoz",5 MG,4.210,20.000,,,,,,
J9075,"Inj, cyclophosphamide, nos",5 MG,0.624,20.000,,,,,,
J9076,"Inj, cyclophos (baxter) 5mg",5 MG,5.028,20.000,,,,,,Added July 2025
J9100,Cytarabine hcl 100 mg inj,100 MG,0.806,20.000,,,,,,
J9118,Inj. calaspargase pegol-mknl,10 UNIT,81.906,20.000,,,,,,
J9119,"Inj., cemiplimab-rwlc, 1 mg",1 MG,28.697,20.000,,,,,,
J9120,Dactinomycin injection,0.5 MG,302.923,20.000,,,,,,
J9130,Dacarbazine 100 mg inj,100 MG,3.817,20.000,,,,,,
J9144,"Daratumumab, hyaluronidase",10 MG,54.667,20.000,,,,,,
J9145,"Injection, daratumumab 10 mg",10 MG,69.835,20.000,,,,,,
J9150,Daunorubicin injection,10 MG,19.762,20.000,,,,,,
J9153,"Inj daunorubicin, cytarabine",1 MG/2.27 MG,255.092,19.310,,,,,,Inflation-adjusted coinsurance
J9155,Degarelix injection,1 MG,4.357,20.000,,,,,,
J9171,Docetaxel injection,1 MG,0.379,20.000,,,,,,
J9172,"Docetaxel (docivyx), 1 mg",1 MG,49.077,20.000,,,,,,
J9173,"Inj., durvalumab, 10 mg",10 MG,85.250,20.000,,,,,,
J9176,"Injection, elotuzumab, 1mg",1 MG,7.877,20.000,,,,,,
J9177,Inj enfort vedo-ejfv 0.25mg,0.25 MG,36.663,19.254,,,,,,Inflation-adjusted coinsurance
J9178,"Inj, epirubicin hcl, 2 mg",2 MG,1.586,20.000,,,,,,
J9179,Eribulin mesylate injection,0.1 MG,104.584,20.000,,,,,,
J9181,Etoposide injection,10 MG,1.303,20.000,,,,,,
J9185,Fludarabine phosphate inj,50 MG,71.649,20.000,,,,,,
J9190,Fluorouracil injection,500 MG,1.715,20.000,,,,,,
J9196,Inj gemcitabine hcl (accord),200 MG,5.290,18.251,,,,,,Inflation-adjusted coinsurance
J9200,Floxuridine injection,500 MG,4125.550,20.000,,,,,,
J9201,In gemcitabine hcl nos 200mg,200 MG,2.958,20.000,,,,,,
J9202,Goserelin acetate implant,3.6 MG,734.151,20.000,,,,,,
J9203,Gemtuzumab ozogamicin 0.1 mg,0.1 MG,236.616,20.000,,,,,,
J9204,"Inj mogamulizumab-kpkc, 1 mg",1 MG,248.497,20.000,,,,,,
J9205,Inj irinotecan liposome 1 mg,1 MG,65.255,20.000,,,,,,
J9206,Irinotecan injection,20 MG,1.397,20.000,,,,,,AMP-based payment limit
J9207,Ixabepilone injection,1 MG,138.672,19.632,,,,,,Inflation-adjusted coinsurance
J9208,Ifosfamide injection,1 GM,23.497,20.000,,,,,,
J9209,Mesna injection,200 MG,1.334,20.000,,,,,,
J9210,"Inj., emapalumab-lzsg, 1 mg",1 MG,381.640,20.000,,,,,,
J9211,Idarubicin hcl injection,5 MG,37.048,20.000,,,,,,
J9217,Leuprolide acetate suspnsion,7.5 MG,155.419,20.000,,,,,,
J9223,"Inj. lurbinectedin, 0.1 mg",0.1 MG,206.125,20.000,,,,,,
J9226,Supprelin la implant,50 MG,45560.391,20.000,,,,,,
J9227,Inj. isatuximab-irfc 10 mg,10 MG,82.860,19.844,,,,,,Inflation-adjusted coinsurance
J9228,Ipilimumab injection,1 MG,183.414,20.000,,,,,,
J9229,Inj inotuzumab ozogam 0.1 mg,0.1 MG,2698.053,20.000,,,,,,
J9245,Inj melpha hydroch nos 50 mg,50 MG,108.030,20.000,,,,,,
J9246,"Inj., evomela, 1 mg",1 MG,17.372,20.000,,,,,,
J9248,Inj melphalan (hepzato) 1 mg,1 MG,787.788,20.000,,,,,,
J9260,Inj methotrexate sodium 50mg,50 MG,2.263,20.000,,,,,,
J9261,Nelarabine injection,50 MG,63.379,20.000,,,,,,
J9263,Oxaliplatin,0.5 MG,0.091,20.000,,,,,,
J9264,Paclitaxel protein bound,1 MG,12.122,20.000,,,,,,
J9266,Pegaspargase injection,1 EA,28424.059,18.410,,,,,,Inflation-adjusted coinsurance
J9267,Paclitaxel injection,1 MG,0.106,20.000,,,,,,
J9268,Pentostatin injection,10 MG,2543.894,18.819,,,,,,Inflation-adjusted coinsurance
J9269,Inj. tagraxofusp-erzs 10 mcg,10 MCG,348.616,19.787,,,,,,Inflation-adjusted coinsurance
J9271,Inj pembrolizumab,1 MG,58.562,20.000,,,,,,
J9272,"Inj, dostarlimab-gxly, 10 mg",10 MG,243.823,20.000,,,,,,
J9273,"Inj tisotu vedotin-tftv, 1mg",1 MG,188.648,18.990,,,,,,Inflation-adjusted coinsurance
J9274,"Inj, tebentafusp-tebn, 1 mcg",1 MCG,217.088,20.000,,,,,,
J9276,"Inj zanidatamab-hrii, 2 mg",2 MG,25.080,20.000,,,,,,Added July 2025
J9280,Mitomycin injection,5 MG,28.272,20.000,,,,,,
J9281,Mitomycin instillation,1 MG,317.421,20.000,,,,,,
J9286,"Inj glofitamab gxbm, 2.5 mg",2.5 MG,2770.569,20.000,,,,,,
J9292,"Inj, pemetrexed dipotassium",10 MG,83.284,20.000,,,,,,Added July 2025
J9293,Mitoxantrone hydrochl / 5 mg,5 MG,29.600,20.000,,,,,,
J9294,"Inj pemetrexed, hospira 10mg",10 MG,4.925,20.000,,,,,,
J9295,"Injection, necitumumab, 1 mg",1 MG,5.731,20.000,,,,,,
J9296,Inj pemetrexed (accord) 10mg,10 mg,9.736,20.000,,,,,,
J9297,Inj pemetrexed (sandoz) 10mg,10 MG,1.209,20.000,,,,,,
J9298,Inj nivol relatlimab 3mg/1mg,3 mg/1 mg,197.648,20.000,,,,,,
J9299,"Injection, nivolumab",1 MG,33.002,20.000,,,,,,
J9301,Obinutuzumab inj,10 MG,78.461,19.941,,,,,,Inflation-adjusted coinsurance
J9303,Panitumumab injection,10 MG,172.549,18.100,,,,,,Inflation-adjusted coinsurance
J9304,"Inj. pemetrexed, 10 mg",10 MG,52.742,20.000,,,,,,
J9305,Inj. pemetrexed nos 10mg,10 MG,3.734,20.000,,,,,,
J9306,"Injection, pertuzumab, 1 mg",1 MG,16.892,19.453,,,,,,Inflation-adjusted coinsurance
J9307,Pralatrexate injection,1 MG,388.825,19.376,,,,,,Inflation-adjusted coinsurance
J9308,"Injection, ramucirumab",5 MG,74.453,20.000,,,,,,
J9309,"Inj, polatuzumab vedotin 1mg",1 MG,136.230,20.000,,,,,,
J9311,"Inj rituximab, hyaluronidase",10 mg,36.962,20.000,,,,,,
J9312,"Inj., rituximab, 10 mg",10 MG,75.931,20.000,,,,,,
J9314,Inj pemetrexed (teva) 10mg,10 MG,3.791,20.000,,,,,,
J9316,"Pertuzu, trastuzu, 10 mg",10 MG,63.387,20.000,,,,,,
J9317,Sacituzumab govitecan-hziy,2.5 MG,36.258,20.000,,,,,,
J9318,Inj romidepsin non-lyo 0.1mg,0.1 MG,28.517,20.000,,,,,,Added July 2025
J9319,Inj romidepsin lyophil 0.1mg,0.1 MG,31.075,20.000,,,,,,
J9321,Inj epcoritamab-bysp 0.16 mg,0.16 MG,55.658,20.000,,,,,,
J9323,Inj pemetrexed ditromethamin,10 mg,10.343,20.000,,,,,,
J9324,"Inj, pemrydi rtu, 10 mg",10 MG,80.100,20.000,,,,,,
J9325,Inj talimogene laherparepvec,1 million PFU,73.547,18.663,,,,,,Inflation-adjusted coinsurance
J9328,Temozolomide injection,1 MG,10.394,20.000,,,,,,
J9329,"Inj, tislelizumab-jsgr",1 MG,57.416,20.000,,,,,,Added July 2025
J9330,Temsirolimus injection,1 MG,32.286,20.000,,,,,,
J9331,Inj sirolimus prot part 1 mg,1 MG,84.529,20.000,,,,,,
J9332,Inj efgartigimod 2mg,2 MG,32.396,20.000,,,,,,
J9333,Inj ronzanolixizum-noli 1 mg,1 MG,23.162,20.000,,,,,,
J9334,Inj efgart-alfa 2mg hya-qvfc,2 MG,33.736,20.000,,,,,,
J9342,Inj thiotepa nos 1 mg,1 MG,12.236,20.000,,,,,,Added July 2025
J9345,"Inj, retifanlimab-dlwr, 1 mg",1 MG,29.982,20.000,,,,,,
J9347,"Inj, tremelimumab-actl, 1 mg",1 MG,141.165,20.000,,,,,,
J9348,"Inj. naxitamab-gqgk, 1 mg",1 MG,685.906,20.000,,,,,,
J9349,"Inj., tafasitamab-cxix",2 MG,14.075,20.000,,,,,,
J9350,"Inj mosunetuzumab-axgb, 1 mg",1 MG,652.746,20.000,,,,,,
J9351,Topotecan injection,0.1 MG,1.342,20.000,,,,,,
J9352,Injection trabectedin 0.1mg,0.1 MG,383.067,20.000,,,,,,
J9353,"Inj. margetuximab-cmkb, 5 mg",5 MG,50.450,20.000,,,,,,
J9354,"Inj, ado-trastuzumab emt 1mg",1 MG,41.854,19.821,,,,,,Inflation-adjusted coinsurance
J9355,Inj trastuzumab excl biosimi,10 MG,76.181,20.000,,,,,,
J9356,"Inj. herceptin hylecta, 10mg",10 MG,62.973,20.000,,,,,,
J9357,Valrubicin injection,200 MG,1376.785,20.000,,,,,,
J9358,Inj fam-trastu deru-nxki 1mg,1 MG,30.002,19.663,,,,,,Inflation-adjusted coinsurance
J9359,Inj lon tesirin-lpyl 0.075mg,0.075 MG,216.743,20.000,,,,,,
J9360,Vinblastine sulfate inj,1 MG,5.291,20.000,,,,,,
J9370,Vincristine sulfate 1 mg inj,1 MG,7.863,20.000,,,,,,
J9380,Inj teclistamab cqyv 0.5 mg,0.5 MG,33.268,19.748,,,,,,Inflation-adjusted coinsurance
J9381,Inj teplizumab mzwv 5 mcg,5 MCG,37.650,20.000,,,,,,
J9390,Vinorelbine tartrate inj,10 MG,1.956,20.000,,,,,,
J9394,"Inj, fulvestrant (fresenius)",25 MG,3.322,20.000,,,,,,
J9395,"Injection, fulvestrant",25 MG,6.977,20.000,,,,,,
J9400,"Inj, ziv-aflibercept, 1mg",1 MG,7.979,20.000,,,,,,
P9041,"Albumin (human),5%, 50ml",50 ML,10.615,20.000,,,95,10.615,,
P9045,"Albumin (human), 5%, 250 ml",250 ML,53.077,20.000,,,95,53.077,,
P9046,"Albumin (human), 25%, 20 ml",20 ML,21.231,20.000,,,95,21.231,,
P9047,"Albumin (human), 25%, 50ml",50 ML,53.077,20.000,,,95,53.077,,
Q0138,"Ferumoxytol, non-esrd",1 MG,0.308,20.000,,,,,,
Q0139,"Ferumoxytol, esrd use",1 MG,0.308,20.000,,,,,,
Q0162,Ondansetron oral,1 MG,0.014,20.000,,,,,,
Q0167,Dronabinol 2.5mg oral,2.5 MG,1.675,20.000,,,,,,
Q0224,"Inj, pemivibart, 4500 mg",4500 MG,7239.000,0.000,95,7239.000,,,,See COVID-19 vaccine pricing webpage for payment effective dates 
Q0249,Tocilizumab for covid-19,1 MG,7.569,0.000,95,7.569,,,,See COVID-19 vaccine pricing webpage for payment effective dates
Q2041,Axicabtagene ciloleucel car+,UP TO 200 MILLION CAR T CELLS,533076.476,18.015,,,,,,Inflation-adjusted coinsurance
Q2042,Tisagenlecleucel car-pos t,up to 600 million CAR-positive viable T cells,578324.579,17.866,,,,,,Inflation-adjusted coinsurance
Q2043,Sipuleucel-t auto cd54+,Per infusion (minimum 50 million cells),55945.971,20.000,,,,,,
Q2050,Doxorubicin inj 10mg,10 MG,109.284,20.000,,,,,,
Q2053,Brexucabtagene car pos t,UP TO 200 MILLION AUTOLOGOUS ANTI-CD19 CAR POSITIVE VIABLE T CELLS,489720.000,19.610,,,,,,Inflation-adjusted coinsurance
Q2054,Lisocabtagene mara car pos t,"Up to 110 million CAR-positive viable T cells, per therapeutic dose",541635.657,18.687,,,,,,Inflation-adjusted coinsurance
Q2055,Idecabtagene vicleucel car,UP TO 510 MILLION AUTOLOGOUS ANTI-BCMA CAR-POSITIVE VIABLE T CELLS,541260.447,19.119,,,,,,Inflation-adjusted coinsurance
Q2056,Ciltacabtagene car-pos t,up to 100 million autologous b-cell maturation antigen (bcma) directed car-positive t cells,553378.830,19.101,,,,,,Inflation-adjusted coinsurance
Q2057,Afamitresgene autoleucel,PER THERAPEUTIC DOSE,770620.000,20.000,,,,,,Added July 2025
Q4074,Iloprost non-comp unit dose,UP TO 20 MCG,158.916,20.000,,,,,,
Q4081,"Epoetin alfa, 100 units esrd",100 UNITS,0.768,20.000,,,,,,
Q4101,Apligraf,1 SQ CM,30.303,20.000,,,,,,
Q4102,Oasis wound matrix,1 SQ CM,11.703,20.000,,,,,,
Q4103,Oasis burn matrix,1 SQ CM,12.380,20.000,,,,,,
Q4104,Integra bmwd,1 SQ CM,53.759,20.000,,,,,,
Q4105,Integra drt or omnigraft,1 SQ CM,26.087,20.000,,,,,,
Q4108,Integra matrix,1 SQ CM,49.117,20.000,,,,,,
Q4110,Primatrix,1 SQ CM,65.405,20.000,,,,,,
Q4111,Gammagraft,1 SQ CM,7.116,20.000,,,,,,
Q4114,Integra flowable wound matri,1 CC,1542.243,20.000,,,,,,
Q4115,Alloskin,1 SQ CM,14.475,20.000,,,,,,
Q4118,Matristem micromatrix,1 MG,2.555,20.000,,,,,,
Q4121,Theraskin,1 SQ CM,48.851,20.000,,,,,,
Q4123,Alloskin,1 SQ CM,71.550,20.000,,,,,,
Q4124,Oasis tri-layer wound matrix,1 SQ CM,2.481,20.000,,,,,,
Q4126,Memoderm/derma/tranz/integup,1 SQ CM,59.811,20.000,,,,,,
Q4127,Talymed,1 SQ CM,68.487,20.000,,,,,,
Q4128,Flexhd/allopatchhd/sq cm,1 SQ CM,30.698,20.000,,,,,,
Q4132,"Grafix core, grafixpl core",1 SQ CM,89.182,20.000,,,,,,
Q4133,Grafix stravix prime pl sqcm,1 SQ CM,136.177,20.000,,,,,,
Q4137,Amnioexcel biodexcel 1sq cm,1 SQ CM,100.715,20.000,,,,,,
Q4138,"Biodfence dryflex, 1cm",1 SQ CM,100.401,20.000,,,,,,
Q4140,Biodfence 1cm,1 SQ CM,164.835,20.000,,,,,,
Q4141,"Alloskin ac, 1 cm",1 SQ CM,64.746,20.000,,,,,,
Q4143,"Repriza, 1cm",1 SQ CM,33.920,20.000,,,,,,
Q4145,"Epifix, inj, 1mg",1 MG,19.478,20.000,,,,,,Added July 2025
Q4148,Neox neox rt or clarix cord,1 SQ CM,126.064,20.000,,,,,,
Q4150,Allowrap ds or dry 1 sq cm,1 SQ CM,84.858,20.000,,,,,,
Q4151,"Amnioband, guardian 1 sq cm",1 SQ CM,137.192,20.000,,,,,,
Q4152,Dermapure 1 square cm,1 SQ CM,45.409,20.000,,,,,,
Q4153,"Dermavest, plurivest sq cm",1 SQ CM,108.601,20.000,,,,,,
Q4154,Biovance 1 square cm,1 SQ CM,142.857,20.000,,,,,,
Q4155,Neoxflo or clarixflo 1 mg,1 MG,27.310,20.000,,,,,,
Q4156,Neox 100 or clarix 100,1 SQ CM,66.347,20.000,,,,,,
Q4158,"Kerecis omega3, per sq cm",1 SQ CM,66.318,20.000,,,,,,
Q4159,Affinity1 square cm,1 SQ CM,235.173,20.000,,,,,,
Q4160,Nushield 1 square cm,1 SQ CM,530.000,20.000,,,,,,
Q4161,Bio-connekt per square cm,1 SQ CM,1653.815,20.000,,,,,,
Q4163,"Woundex, bioskin, per sq cm",1 SQ CM,182.181,20.000,,,,,,
Q4164,"Helicoll, per square cm",1 SQ CM,1640.929,20.000,,,,,,
Q4166,"Cytal, per square centimeter",1 SQ CM,20.846,20.000,,,,,,
Q4169,"Artacent wound, per sq cm",1 SQ CM,2220.572,20.000,,,,,,Added July 2025
Q4170,"Cygnus, per sq cm",1 SQ CM,41.552,20.000,,,,,,
Q4171,"Interfyl, 1 mg",1 MG,10.610,20.000,,,,,,
Q4173,Palingen or palingen xplus,1 SQ CM,356.554,20.000,,,,,,
Q4175,Miroderm,1 SQ CM,67.716,20.000,,,,,,
Q4178,"Floweramniopatch, per sq cm",1 SQ CM,93.108,20.000,,,,,,
Q4180,"Revita, per sq cm",1 SQ CM,1090.070,20.000,,,,,,
Q4184,Cellesta or duo per sq cm,1 SQ CM,80.040,20.000,,,,,,
Q4186,Epifix 1 sq cm,1 SQ CM,150.332,20.000,,,,,,
Q4187,Epicord 1 sq cm,1 SQ CM,241.868,20.000,,,,,,
Q4188,Amnioarmor 1 sq cm,1 SQ CM,487.586,20.000,,,,,,
Q4190,Artacent ac 1 sq cm,1 SQ CM,129.418,20.000,,,,,,
Q4191,Restorigin 1 sq cm,1 SQ CM,730.431,20.000,,,,,,
Q4193,Coll-e-derm 1 sq cm,1 SQ CM,1713.183,20.000,,,,,,
Q4194,Novachor 1 sq cm,1 SQ CM,717.779,20.000,,,,,,
Q4195,Puraply 1 sq cm,1 SQ CM,107.917,20.000,,,,,,
Q4196,Puraply am 1 sq cm,1 SQ CM,98.541,20.000,,,,,,
Q4197,Puraply xt 1 sq cm,1 SQ CM,71.036,20.000,,,,,,
Q4199,"Cygnus matrix, per sq cm",1 SQ CM,130.255,20.000,,,,,,
Q4201,Matrion 1 sq cm,1 SQ CM,79.228,20.000,,,,,,
Q4203,"Derma-gide, 1 sq cm",1 SQ CM,871.368,20.000,,,,,,
Q4204,Xwrap 1 sq cm,1 SQ CM,3774.774,20.000,,,,,,
Q4205,Membrane graft or wrap sq cm,1 SQ CM,1190.439,20.000,,,,,,
Q4217,Woundfix biowound plus xplus,1 SQ CM,318.000,20.000,,,,,,
Q4221,Amniowrap2 per sq cm,1 SQ CM,1961.000,20.000,,,,,,
Q4222,"Progenamatrix, per sq cm",1 SQ CM,127.548,20.000,,,,,,
Q4225,"Amnio or derma tl, per sq cm",1 SQ CM,1370.730,20.000,,,,,,
Q4227,Amniocore per sq cm,1 SQ CM,1165.388,20.000,,,,,,
Q4229,Cogenex amnio memb per sq cm,1 SQ CM,330.311,20.000,,,,,,
Q4232,"Corplex, per sq cm",1 SQ CM,130.110,20.000,,,,,,
Q4234,"Xcellerate, per sq cm",1 SQ CM,194.829,20.000,,,,,,
Q4235,Amniorepair or altiply sq cm,1 SQ CM,80.484,20.000,,,,,,
Q4236,Carepatch per sq cm,1 SQ CM,483.646,20.000,,,,,,
Q4238,"Derm-maxx, per sq cm",1 SQ CM,1725.041,20.000,,,,,,
Q4239,Amnio-maxx or lite per sq cm,1 SQ CM,2038.504,20.000,,,,,,
Q4248,Dermacyte amn mem allo sq cm,1 SQ CM,2824.496,20.000,,,,,,
Q4249,"Amniply, per sq cm",1 SQ CM,1789.545,20.000,,,,,,Added July 2025
Q4250,Amnioamp-mp per sq cm,1 SQ CM,2901.655,20.000,,,,,,
Q4252,"Vendaje, per square centimet",1 SQ CM,53.000,20.000,,,,,,
Q4253,Zenith amniotic membrane psc,1 SQ CM,83.176,20.000,,,,,,
Q4256,"Mlg complet, per sq cm",1 SQ CM,813.214,20.000,,,,,,
Q4257,"Relese, per sq cm",1 SQ CM,652.664,20.000,,,,,,
Q4258,"Enverse, per sq cm",1 SQ CM,82.413,20.000,,,,,,
Q4259,Celera per sq cm,1 SQ CM,941.457,20.000,,,,,,
Q4262,"Dual layer impax, per sq cm",1 SQ CM,62.851,20.000,,,,,,
Q4263,"Surgraft tl, per sq cm",1 SQ CM,1712.999,20.000,,,,,,
Q4264,"Cocoon membrane, per sq cm",1 SQ CM,372.888,20.000,,,,,,
Q4265,Neostim tl per sq cm,1 SQ CM,1704.026,20.000,,,,,,
Q4266,Neostim per sq cm,1 SQ CM,560.571,20.000,,,,,,
Q4267,Neostim dl per sq cm,1 SQ CM,290.015,20.000,,,,,,
Q4270,Complete sl per sq cm,1 SQ CM,3370.800,20.000,,,,,,
Q4271,Complete ft per sq cm,1 SQ CM,1210.484,20.000,,,,,,
Q4274,"Esano ac, per sq cm",1 SQ CM,1832.318,20.000,,,,,,
Q4275,"Esano aca, per sq cm",1 SQ CM,2675.479,20.000,,,,,,
Q4276,"Orion, per sq cm",1 SQ CM,261.255,20.000,,,,,,
Q4278,"Epieffect, per sq cm",1 SQ CM,265.113,20.000,,,,,,
Q4279,"Vendaje ac, per sq cm",1 SQ CM,2385.000,20.000,,,,,,
Q4280,Xcell amnio matrix per sq cm,1 SQ CM,2892.850,20.000,,,,,,
Q4281,Barrera slor dl per sq cm,1 SQ CM,544.049,20.000,,,,,,
Q4282,Cygnus dual per sq cm,1 SQ CM,336.763,20.000,,,,,,
Q4283,"Biovance tri or 3l, sq cm",1 SQ CM,457.320,20.000,,,,,,
Q4289,"Revoshield+ amnio, per sq cm",1 SQ CM,1468.105,20.000,,,,,,
Q4290,Membrane wrap hydr per sq cm,1 SQ CM,1864.706,20.000,,,,,,
Q4293,"Acesso dl, per sq cm",1 SQ CM,1584.700,20.000,,,,,,
Q4294,"Amnio quad-core, per sq cm",1 SQ CM,2915.000,20.000,,,,,,
Q4295,"Amnio tri-core, per sq cm",1 SQ CM,2565.200,20.000,,,,,,
Q4296,"Rebound matrix, per sq cm",1 SQ CM,1455.143,20.000,,,,,,
Q4297,"Emerge matrix, per sq cm",1 SQ CM,1697.354,20.000,,,,,,
Q4298,"Amnicore pro, per sq cm",1 SQ CM,2223.168,20.000,,,,,,
Q4299,"Amnicore pro+, per sq cm",1 SQ CM,2856.700,20.000,,,,,,
Q4300,"Acesso tl, per sq cm",1 SQ CM,2114.700,20.000,,,,,,
Q4301,"Activate matrix, per sq cm",1 SQ CM,1806.335,20.000,,,,,,
Q4302,"Complete aca, per sq cm",1 SQ CM,1271.604,20.000,,,,,,
Q4303,"Complete aa, per sq cm",1 SQ CM,3368.001,20.000,,,,,,
Q4304,"Grafix plus, per sq cm",1 SQ CM,613.680,20.000,,,,,,
Q4309,"Via matrix, per sq cm",1 SQ CM,1308.554,20.000,,,,,,
Q4310,"Procenta, per 100 mg",100 MG,1317.357,20.000,,,,,,
Q4313,"Dermabind fm, per sq cm",1 SQ CM,3520.688,20.000,,,,,,
Q4316,"Amchoplast, per sq cm",1 SQ CM,4415.969,20.000,,,,,,Added July 2025
Q4322,"Caregraft, per sq cm",1 SQ CM,1791.291,20.000,,,,,,
Q4323,"Alloply, per sq cm",1 SQ CM,1574.542,20.000,,,,,,
Q4325,"Acapatch, per sq cm",1 SQ CM,2045.856,20.000,,,,,,
Q4326,"Woundplus, per sq cm",1 SQ CM,1082.950,20.000,,,,,,Added July 2025
Q4328,"Most, per sq cm",1 SQ CM,3673.308,20.000,,,,,,
Q4331,"Axolotl graft, per sq cm",1 SQ CM,1637.549,20.000,,,,,,Added July 2025
Q4332,"Axolotl dualgraft, per sq cm",1 SQ CM,1683.468,20.000,,,,,,
Q4339,"Artacent vericlen, per sq cm",1 SQ CM,2055.340,20.000,,,,,,Added July 2025
Q4341,"Simplimax, per sq cm",1 SQ CM,3071.281,20.000,,,,,,Added July 2025
Q4342,"Theramend, per sq cm",1 SQ CM,2127.108,20.000,,,,,,Added July 2025
Q4343,Dermacyte ac matrx per sq cm,1 SQ CM,2952.100,20.000,,,,,,
Q4344,"Tri membrane wrap, per sq cm",1 SQ CM,2689.477,20.000,,,,,,Added July 2025
Q4357,"Xwrap plus, per sq cm",1 SQ CM,4770.000,20.000,,,,,,Added July 2025
Q4361,"Epixpress, per sq cm",1 SQ CM,1590.000,20.000,,,,,,Added July 2025
Q4367,"Amniocore sl, per sq cm",1 SQ CM,530.000,20.000,,,,,,Added July 2025
Q5101,"Injection, zarxio",1 MCG,0.367,20.000,,,,,,8% of reference add-on applied
Q5103,"Injection, inflectra",10 MG,19.679,20.000,,,,,,8% of reference add-on applied
Q5104,"Injection, renflexis",10 MG,25.053,20.000,,,,,,8% of reference add-on applied
Q5105,Inj retacrit esrd on dialysi,100 UNITS,0.757,20.000,,,,,,8% of reference add-on applied
Q5106,Inj retacrit non-esrd use,1000 UNITS,7.566,20.000,,,,,,8% of reference add-on applied
Q5107,Inj mvasi 10 mg,10 MG,28.848,20.000,,,,,,8% of reference add-on applied
Q5108,"Injection, fulphila",0.5 MG,103.705,20.000,,,,,,
Q5110,Nivestym,1 MCG,0.286,20.000,,,,,,8% of reference add-on applied
Q5111,"Injection, udenyca 0.5 mg",0.5 MG,136.044,20.000,,,,,,
Q5112,Inj ontruzant 10 mg,10 MG,21.985,20.000,,,,,,8% of reference add-on applied
Q5113,Inj herzuma 10 mg,10 MG,77.492,20.000,,,,,,8% of reference add-on applied
Q5114,Inj ogivri 10 mg,10 MG,44.590,20.000,,,,,,8% of reference add-on applied
Q5115,Inj truxima 10 mg,10 MG,31.180,20.000,,,,,,8% of reference add-on applied
Q5116,"Inj., trazimera, 10 mg",10 MG,28.616,20.000,,,,,,8% of reference add-on applied
Q5117,"Inj., kanjinti, 10 mg",10 MG,43.275,20.000,,,,,,8% of reference add-on applied
Q5118,"Inj., zirabev, 10 mg",10 MG,23.930,20.000,,,,,,8% of reference add-on applied
Q5119,"Inj ruxience, 10 mg",10 MG,26.503,20.000,,,,,,8% of reference add-on applied
Q5120,Inj pegfilgrastim-bmez 0.5mg,0.5 MG,27.987,20.000,,,,,,8% of reference add-on applied
Q5121,"Inj. avsola, 10 mg",10 MG,20.886,20.000,,,,,,8% of reference add-on applied
Q5122,"Inj, nyvepria",0.5 MG,132.039,20.000,,,,,,
Q5123,"Inj. riabni, 10 mg",10 MG,29.917,20.000,,,,,,8% of reference add-on applied
Q5124,"Inj. byooviz, 0.1 mg",0.1 MG,62.153,20.000,,,,,,8% of reference add-on applied
Q5125,"Inj, releuko 1 mcg",1 MCG,0.408,20.000,,,,,,8% of reference add-on applied
Q5126,Inj alymsys 10 mg,10 MG,42.600,20.000,,,,,,8% of reference add-on applied
Q5127,"Inj, stimufend, 0.5 mg",0.5 MG,229.112,20.000,,,,,,
Q5128,"Inj, cimerli, 0.1 mg",0.1 MG,86.513,20.000,,,,,,8% of reference add-on applied
Q5129,"Inj, vegzelma, 10 mg",10 MG,43.619,20.000,,,,,,8% of reference add-on applied
Q5130,"Inj, fylnetra, 0.5 mg",0.5 MG,149.212,20.000,,,,,,
Q5133,"Inj, tofidence, 1 mg",1 MG,5.794,20.000,,,,,,
Q5135,"Inj, tyenne, 1 mg",1 MG,4.689,20.000,,,,,,8% of reference add-on applied
Q5146,"Inj, hercessi, 10 mg",10 MG,76.181,20.000,,,,,,Added July 2025
Q5147,"Inj, aflibercept-ayyh, 1 mg",1 MG,869.084,20.000,,,,,,
Q9950,Inj sulf hexa lipid microsph,1 ML,18.591,20.000,,,,,,
Q9956,"Inj octafluoropropane mic,ml",1 ML,41.200,20.000,,,,,,
Q9957,"Inj perflutren lip micros,ml",1 ML,41.200,20.000,,,,,,
Q9958,"Hocm <=149 mg/ml iodine, 1ml",1 ML,0.074,20.000,,,,,,
Q9961,"Hocm 250-299mg/ml iodine,1ml",1 ML,0.285,20.000,,,,,,
Q9963,"Hocm 350-399mg/ml iodine,1ml",1 ML,0.217,20.000,,,,,,
Q9965,"Locm 100-199mg/ml iodine,1ml",1 ML,1.801,7.458,,,,,,Inflation-adjusted coinsurance
Q9966,"Locm 200-299mg/ml iodine,1ml",1 ML,0.445,20.000,,,,,,
Q9967,"Locm 300-399mg/ml iodine,1ml",1 ML,0.151,20.000,,,,,,
Q9991,Buprenorph xr 100 mg or less,Less than or equal to 100 MG,1976.552,20.000,,,,,,
Q9992,Buprenorphine xr over 100 mg,Greater than 100 MG,1976.552,20.000,,,,,,
