Payment Allowance Limits for Medicare Part B Drugs,,,,,,,,,,,
,,,,,,,,,,,
"Effective January 1, 2025 through March 31, 2025",,,,,,,,,,,
,,,,,,,,,,,
Note 1: Payment allowance limits subject to the ASP methodology are based on 3Q24 ASP data.,,,,,,,,,,,
Note 2: The absence or presence of a HCPCS code and the payment allowance limits in this table does not indicate whether Medicare covers a drug.  These determinations shall be made by the local Medicare contractor processing the claim.,,,,,,,,,,,
,,,,,,,,,,,
,,,,,,,,,,,
HCPCS Code,Short Description,HCPCS Code Dosage,Payment Limit,Co-insurance Percentage,Vaccine AWP%,Vaccine Limit,Blood AWP%,Blood limit,Clotting Factor,Notes,
90371,Hep b ig im,1 ML,146.312,20.000,,,,,,,
90375,Rabies ig im/sc,150 IU,280.370,20.000,,,,,,,
90377,Rabies ig ht&sol human im/sc,150 IU,250.524,20.000,,,,,,,
90586,Bcg vaccine intravesical,1 EACH,149.951,20.000,,,,,,,
90632,Hepa vaccine adult im,1 ML,71.608,20.000,,,,,,,
90653,Iiv adjuvant vaccine im,0.5 ML,83.490,0.000,95,83.490,,,,see the Seasonal Influenza Vaccines Pricing webpage for current payment limits and effective dates,
90656,IIV3 VACC NO PRSV 0.5 ML IM,0.5 ML,22.350,0.000,95,22.350,,,,see the Seasonal Influenza Vaccines Pricing webpage for current payment limits and effective dates,
90657,IIV3 VACCINE SPLT 0.25 ML IM,0.25 ML,10.929,0.000,95,10.929,,,,see the Seasonal Influenza Vaccines Pricing webpage for current payment limits and effective dates,
90658,IIV3 VACCINE SPLT 0.5 ML IM,0.5 ML,21.858,0.000,95,21.858,,,,see the Seasonal Influenza Vaccines Pricing webpage for current payment limits and effective dates,
90660,LAIV3 Vaccine Intranasal ,0.2 ML,28.871,0.000,95,28.871,,,,see the Seasonal Influenza Vaccines Pricing webpage for current payment limits and effective dates,
90661,CCIIV3 VACCINE NO PRSC 0.5ML IM,0.5 ML,36.849,0.000,95,36.849,,,,see the Seasonal Influenza Vaccines Pricing webpage for current payment limits and effective dates,
90662,Iiv no prsv increased ag im,0.5 ML,83.492,0.000,95,83.492,,,,see the Seasonal Influenza Vaccines Pricing webpage for current payment limits and effective dates,
90670,Pcv13 vaccine im,0.5 ML,257.989,0.000,95,257.989,,,,,
90671,PCV15 vaccine IM,1 EA,253.560,0.000,95,253.560,,,,,
90673,Riv3 vaccine no preserv im,0.5 ML,83.492,0.000,95,83.492,,,,see the Seasonal Influenza Vaccines Pricing webpage for current payment limits and effective dates,
90675,Rabies vaccine im,1 ML,327.776,20.000,,,,,,,
90677,Pcv20 vaccine im,0.5 ML,298.036,0.000,95,298.036,,,,,
90684,PCV21 VACCINE IM,0.5 ML,327.893,0.000,95,327.893,,,,,
90714,Td vacc no presv 7 yrs+ im,0.5 ML,33.483,20.000,,,,,,,
90715,Tdap vaccine 7 yrs/> im,0.5 ML,38.628,20.000,,,,,,,
90732,Ppsv23 vacc 2 yrs+ subq/im,0.5 ML,133.472,0.000,95,133.472,,,,,
90739,Hepb vacc 2 dose adult im,1 DOSE,168.298,0.000,95,168.298,,,,,
90740,Hepb vacc 3 dose immunsup im,40 MCG,158.152,0.000,95,158.152,,,,,
90743,"Hep b vacc, adol, 2 dose, im",1 DOSE,75.145,0.000,95,75.145,,,,,
90744,Hepb vacc 3 dose ped/adol im,1 DOSE,30.770,0.000,95,30.770,,,,,
90746,Hepb vaccine 3 dose adult im,20 MCG,70.376,0.000,95,70.376,,,,,
90747,Hepb vacc 4 dose immunsup im,40 MCG,140.752,0.000,95,140.752,,,,,
90759,Hep b vac 3ag 10mcg 3 dos im,10 MCG,73.815,0.000,95,73.815,,,,,
91304,SARSCOV2 VAC 5MCG/0.5ML IM,0.5 ML,161.538,0.000,95,161.538,,,,See COVID-19 vaccine pricing webpage for payment effective dates,
91318,SARSCOV2 VAC 3MCG TRS-SUC IM,0.3 ML,65.550,0.000,95,65.550,,,,See COVID-19 vaccine pricing webpage for payment effective dates,
91319,SARSCV2 VAC 10MCG TRS-SUC IM,0.3 ML,87.780,0.000,95,87.780,,,,See COVID-19 vaccine pricing webpage for payment effective dates,
91320,SARSCV2 VAC 30MCG TRS-SUC IM,0.3 ML,155.895,0.000,95,155.895,,,,See COVID-19 vaccine pricing webpage for payment effective dates,
91321,SARSCOV2 VAC 25 MCG/.25ML IM,0.25 ML,147.060,0.000,95,147.060,,,,See COVID-19 vaccine pricing webpage for payment effective dates,
91322,SARSCOV2 VAC 50 MCG/0.5ML IM,0.5 ML,161.652,0.000,95,161.652,,,,See COVID-19 vaccine pricing webpage for payment effective dates,
A9573,Inj gadopiclenol,1 ML,3.581,20.000,,,,,,,
A9575,Inj gadoterate meglumi 0.1ml,0.1 ML,0.117,20.000,,,,,,,
A9576,Inj prohance multipack,1 ML,1.460,20.000,,,,,,,
A9577,Inj multihance,1 ML,1.824,20.000,,,,,,,
A9578,Inj multihance multipack,1 ML,1.793,20.000,,,,,,,
A9579,"Gad-base mr contrast nos,1ml",1 ML,1.484,20.000,,,,,,,
A9581,Gadoxetate disodium inj,1 ML,14.701,20.000,,,,,,,
A9585,Gadobutrol injection,0.1 ML,0.278,20.000,,,,,,,
A9589,Insti hexaminolevulinate hcl,100 MG,1378.710,20.000,,,,,,,
A9606,Radium ra223 dichloride ther,1 microCurie,N/A,20.000,,,,,,"microCurie 100% AWP = $196.92
microCurie 100% WAC = $164.10",
J0121,"Inj., omadacycline, 1 mg",1 MG,3.916,20.000,,,,,,,
J0122,"Inj., eravacycline, 1 mg",1 MG,1.210,20.000,,,,,,,
J0129,Abatacept injection,10 MG,43.797,20.000,,,,,,"""lesser of"" methodology applied",
J0131,"Inj, acetaminophen (nos)",10 MG,0.048,20.000,,,,,,,
J0132,Acetylcysteine injection,100 MG,0.545,20.000,,,,,,,
J0133,Acyclovir injection,5 MG,0.051,20.000,,,,,,,
J0134,Inj acetaminophen -fresenius,10 MG,0.042,20.000,,,,,,,
J0136,"Inj, acetaminophen (b braun)",10 MG,0.049,20.000,,,,,,,
J0137,"Inj, acetaminophen (hikma)",10 MG,0.048,20.000,,,,,,,
J0153,Adenosine inj 1mg,1 MG,0.316,20.000,,,,,,,
J0171,Adrenalin epinephrine inject,0.1 MG,0.762,20.000,,,,,,,
J0172,"Inj, aducanumab-avwa, 2 mg",2 MG,5.978,20.000,,,,,,,
J0173,"Inj, epinephrine (belcher)",0.1 MG,2.384,20.000,,,,,,,
J0174,"Inj, lecanemab-irmb, 1 mg",1 MG,1.330,20.000,,,,,,,
J0175,"Inj, donanemab-azbt, 2 mg",2 MG,4.094,20.000,,,,,,,
J0177,"Inj, aflibercept hd, 1 mg",1 MG,329.056,20.000,,,,,,,
J0178,Aflibercept injection,1 MG,801.065,20.000,,,,,,,
J0179,"Inj, brolucizumab-dbll, 1 mg",1 MG,338.891,20.000,,,,,,,
J0180,Agalsidase beta injection,1 MG,223.517,20.000,,,,,,,
J0185,"Inj., aprepitant, 1 mg",1 MG,1.701,20.000,,,,,,,
J0202,"Injection, alemtuzumab",1 MG,2413.358,20.000,,,,,,,
J0206,Inj allopurinol sodium 1 mg,1 MG,4.395,20.000,,,,,,,
J0217,Inj velmanase alfa-tycv 1 mg,1 MG,440.808,20.000,,,,,,,
J0218,Inj olipudase alfa-rpcp 1mg,1 MG,381.579,20.000,,,,,,,
J0219,Inj aval alfa-nqpt 4mg,4 MG,77.861,20.000,,,,,,,
J0221,Lumizyme injection,10 MG,201.640,20.000,,,,,,,
J0222,"Inj., patisiran, 0.1 mg",0.1 MG,98.833,20.000,,,,,,,
J0223,Inj givosiran 0.5 mg,0.5 MG,115.466,20.000,,,,,,,
J0224,"Inj. lumasiran, 0.5 mg",0.5 MG,318.006,20.000,,,,,,,
J0225,"Inj, vutrisiran, 1 mg",1 MG,4917.749,20.000,,,,,,,
J0248,"Inj, remdesivir, 1 mg",1 MG,6.354,20.000,,,,,,,
J0256,Alpha 1 proteinase inhibitor,10 MG,5.091,20.000,,,,,,,
J0257,Glassia injection,10 MG,5.512,20.000,,,,,,,
J0278,Amikacin sulfate injection,100 MG,0.540,20.000,,,,,,,
J0280,Aminophyllin 250 mg inj,250 MG,5.170,20.000,,,,,,,
J0282,Amiodarone hcl,30 MG,0.394,20.000,,,,,,Added January 2025 ,
J0283,"Inj, amiodarone (nexterone)",30 MG,2.524,11.891,,,,,,Inflation-adjusted coinsurance,
J0285,Amphotericin b,50 MG,50.066,20.000,,,,,,,
J0289,Amphotericin b liposome inj,10 MG,23.975,20.000,,,,,,,
J0290,Ampicillin 500 mg inj,500 MG,0.714,20.000,,,,,,,
J0291,"Inj., plazomicin, 5 mg",5 MG,3.574,20.000,,,,,,,
J0295,Ampicillin sulbactam 1.5 gm,1.5 GM,1.641,20.000,,,,,,,
J0348,Anidulafungin injection,1 MG,0.507,20.000,,,,,,,
J0349,"Inj, rezafungin, 1 mg",1 MG,10.424,19.860,,,,,,Inflation-adjusted coinsurance,
J0360,Hydralazine hcl injection,20 MG,4.077,20.000,,,,,,,
J0401,"Inj, abilify maintena, 1 mg",1 MG,7.070,20.000,,,,,,,
J0402,"Inj, abilify asimtufii, 1 mg",1 MG,5.917,20.000,,,,,,,
J0456,Azithromycin,500 MG,2.128,20.000,,,,,,,
J0457,"Injection, aztreonam, 100 mg",100 MG,2.071,20.000,,,,,,,
J0461,Atropine sulfate injection,0.01 MG,0.107,20.000,,,,,,,
J0475,Baclofen 10 mg injection,10 MG,173.837,20.000,,,,,,,
J0476,Baclofen intrathecal trial,50 MCG,40.728,20.000,,,,,,,
J0480,Basiliximab,20 MG,4657.581,20.000,,,,,,,
J0485,Belatacept injection,1 MG,3.933,20.000,,,,,,,
J0490,Belimumab injection,10 MG,54.908,20.000,,,,,,,
J0491,Inj anifrolumab-fnia 1mg,1 MG,17.763,20.000,,,,,,,
J0500,Dicyclomine injection,20 MG,14.904,20.000,,,,,,,
J0515,Inj benztropine mesylate,1 MG,16.888,20.000,,,,,,,
J0517,"Inj., benralizumab, 1 mg",1 MG,165.894,20.000,,,,,,"""lesser of"" methodology applied",
J0558,Peng benzathine/procaine inj,"100,000 UNITS",17.368,16.673,,,,,,Inflation-adjusted coinsurance,
J0561,Penicillin g benzathine inj,"100,000 UNITS",26.821,13.624,,,,,,Inflation-adjusted coinsurance,
J0565,"Inj, bezlotoxumab, 10 mg",10 MG,39.865,20.000,,,,,,,
J0577,"Inj, brixadi, 7 days or less",Less than or equal to 7 days of therapy ,428.656,19.275,,,,,,Inflation-adjusted coinsurance,
J0578,"Inj brixadi, more than 7 day",Greater than 7 days and up to 28 days of therapy ,1714.625,19.275,,,,,,Inflation-adjusted coinsurance,
J0583,Bivalirudin,1 MG,0.163,20.000,,,,,,,
J0584,"Injection, burosumab-twza 1m",1 MG,469.726,18.894,,,,,,Inflation-adjusted coinsurance,
J0585,"Injection,onabotulinumtoxina",1 UNIT,6.471,20.000,,,,,,,
J0586,Abobotulinumtoxina,5 Unit,8.526,20.000,,,,,,,
J0587,"Inj, rimabotulinumtoxinb",100 UNITS,12.991,20.000,,,,,,,
J0588,Incobotulinumtoxin a,1 UNIT,5.305,20.000,,,,,,,
J0592,Buprenorphine hydrochloride,0.1 MG,4.303,20.000,,,,,,,
J0594,Busulfan injection,1 MG,1.416,20.000,,,,,,,
J0595,Butorphanol tartrate 1 mg,1 MG,5.680,20.000,,,,,,,
J0596,"Injection, ruconest",10 UNITS,34.665,20.000,,,,,,,
J0597,"C-1 esterase, berinert",10 UNITS,72.456,19.083,,,,,,Inflation-adjusted coinsurance,
J0598,"C-1 esterase, cinryze",10 UNITS,64.066,20.000,,,,,,,
J0600,Edetate calcium disodium inj,1000 MG,6084.101,20.000,,,,,,Added January 2025 ,
J0612,"Inj, calcium gluconate, nos",10 MG,0.036,20.000,,,,,,,
J0613,Calcium glucon (wg critical),10 MG,0.106,20.000,,,,,,,
J0630,Calcitonin salmon injection,400 UNITS,1142.411,20.000,,,,,,,
J0637,Caspofungin acetate,5 MG,5.055,20.000,,,,,,,
J0638,Canakinumab injection,1 MG,135.878,20.000,,,,,,,
J0640,Leucovorin calcium injection,50 MG,4.162,20.000,,,,,,,
J0641,Inj levoleucovorin nos 0.5mg,0.5 MG,0.042,20.000,,,,,,,
J0642,"Injection, khapzory, 0.5 mg",0.5 MG,1.350,20.000,,,,,,,
J0650,"Inj, levothyroxine nos 10mcg",10 MCG,5.390,20.000,,,,,,Added January 2025 ,
J0651,"Inj, levothyroxine, freskabi",10 MCG,3.818,20.000,,,,,,Added January 2025 ,
J0652,"Inj, levothyroxine, hikma",10 MCG,5.136,20.000,,,,,,Added January 2025 ,
J0665,"Inj, bupivacaine, nos, 0.5mg",0.5 MG,0.010,20.000,,,,,,,
J0666,"Inj, bupivacaine liposome",1 MG,1.445,20.000,,,,,,Added January 2025 ,
J0670,Inj mepivacaine hcl/10 ml,10 ML,3.554,20.000,,,,,,,
J0687,Inj cefazolin (wg crit care),500 MG,1.109,20.000,,,,,,,
J0688,"Inj cefazolin sodium, hikma",500 MG,1.003,20.000,,,,,,,
J0689,"Inj cefazolin sodium, baxter",500 MG,1.233,20.000,,,,,,,
J0690,Cefazolin sodium injection,500 MG,0.814,20.000,,,,,,,
J0692,Cefepime hcl for injection,500 MG,1.238,20.000,,,,,,,
J0694,Cefoxitin sodium injection,1 GM,4.452,20.000,,,,,,,
J0695,Inj ceftolozane tazobactam,75mg (50mg cft/25mg taz),8.149,19.587,,,,,,Inflation-adjusted coinsurance,
J0696,Ceftriaxone sodium injection,250 MG,0.446,20.000,,,,,,,
J0697,Sterile cefuroxime injection,750 MG,1.890,20.000,,,,,,,
J0699,"Inj, cefiderocol, 10 mg",10 mg,2.282,20.000,,,,,,,
J0701,Inj. cefepime hcl (baxter),500 MG,5.737,20.000,,,,,,,
J0702,Betamethasone acet&sod phosp,3 MG & 3 MG,7.510,20.000,,,,,,,
J0703,"Inj, cefepime hcl (b braun)",500 MG,4.923,20.000,,,,,,,
J0712,Ceftaroline fosamil inj,10 MG,3.946,20.000,,,,,,,
J0713,Inj ceftazidime per 500 mg,500 MG,1.648,20.000,,,,,,,
J0714,Ceftazidime and avibactam,.625 GM,100.727,20.000,,,,,,,
J0717,Certolizumab pegol inj 1mg,1 MG,3.898,20.000,,,,,,"""lesser of"" methodology applied",
J0725,Chorionic gonadotropin/1000u,1000 UNITS,19.673,20.000,,,,,,,
J0735,Clonidine hydrochloride,1 MG,16.738,20.000,,,,,,,
J0736,"Inj, clindamycin phosp 300mg",300 MG,2.134,20.000,,,,,,,
J0737,"Inj, clindamycin (baxter)",300 MG,2.605,20.000,,,,,,,
J0739,"Hiv prep, inj, cabotegravir",1 mg,6.892,0.000,,,,,,,
J0740,Cidofovir injection,375 MG,301.103,20.000,,,,,,,
J0741,"Inj, cabote rilpivir 2mg 3mg",2MG/3MG,23.174,20.000,,,,,,,
J0742,Inj imip 4 cilas 4 releb 2mg,4 MG-4 MG-2 MG,2.499,20.000,,,,,,,
J0743,Cilastatin sodium injection,250 MG,7.199,20.000,,,,,,,
J0744,Ciprofloxacin iv,200 MG,0.828,20.000,,,,,,,
J0750,"Hiv prep, ftc/tdf 200/300mg",200 mg/300 mg,1.817,0.000,,,,,,,
J0751,"Hiv prep, ftc/taf 200/25mg",200 mg/25 mg,71.289,0.000,,,,,,,
J0770,Colistimethate sodium inj,150 MG,12.161,20.000,,,,,,,
J0775,"Collagenase, clost hist inj",0.01 MG,70.887,18.456,,,,,,Inflation-adjusted coinsurance,
J0780,Prochlorperazine injection,10 MG,2.953,20.000,,,,,,,
J0791,Inj crizanlizumab-tmca 5mg,5 MG,128.680,20.000,,,,,,,
J0801,Inj. acthar gel to 40 units,40 UNITS,3827.827,20.000,,,,,,,
J0802,"Inj. (ani), up to 40 units",up to 40 Units,3468.848,20.000,,,,,,,
J0834,"Inj., cosyntropin, 0.25 mg",0.25 MG,33.433,20.000,,,,,,,
J0840,Crotalidae poly immune fab,UP TO 1 GM,1779.644,20.000,,,,,,,
J0841,Inj crotalidae im f(ab')2 eq,120 MG,1027.168,20.000,,,,,,,
J0850,Cytomegalovirus imm iv /vial,PER VIAL,1814.108,20.000,,,,,,,
J0872,Daptomycin (xellia) unrefrig,1 MG,0.042,20.000,,,,,,,
J0873,Inj daptomycin (xellia),1 MG,0.037,20.000,,,,,,,
J0874,"Inj, daptomycin (baxter)",1 MG,0.067,20.000,,,,,,,
J0875,"Injection, dalbavancin",5 MG,15.600,20.000,,,,,,,
J0877,"Inj, daptomycin (hospira)",1 MG,0.042,20.000,,,,,,,
J0878,Daptomycin injection,1 MG,0.035,20.000,,,,,,,
J0881,"Darbepoetin alfa, non-esrd",1 MCG,2.972,20.000,,,,,,,
J0882,"Darbepoetin alfa, esrd use",1 MCG,2.972,20.000,,,,,,,
J0884,Argatroban esrd dialysis 1mg,1 MG,0.803,20.000,,,,,,Added January 2025 ,
J0885,"Epoetin alfa, non-esrd",1000 UNITS,6.461,20.000,,,,,,,
J0887,Epoetin beta esrd use,1 MCG,1.224,20.000,,,,,,,
J0888,Epoetin beta non esrd,1 MCG,1.206,20.000,,,,,,,
J0894,Decitabine injection,1 MG,2.334,20.000,,,,,,,
J0895,Deferoxamine mesylate inj,500 MG,8.937,20.000,,,,,,,
J0896,Inj luspatercept-aamt 0.25mg,0.25 MG,41.275,20.000,,,,,,,
J0897,Denosumab injection,1 MG,27.656,18.237,,,,,,Inflation-adjusted coinsurance,
J1000,Depo-estradiol cypionate inj,5 MG,38.653,20.000,,,,,,,
J1010,"Inj, methylpred acetate 1 mg",1 MG,0.117,20.000,,,,,,,
J1071,Inj testosterone cypionate,1 MG,0.032,20.000,,,,,,,
J1096,Dexametha opth insert 0.1 mg,0.1 MG,112.947,20.000,,,,,,Added January 2025 ,
J1100,Dexamethasone sodium phos,1 MG,0.108,20.000,,,,,,,
J1110,Inj dihydroergotamine mesylt,1 MG,41.037,20.000,,,,,,,
J1120,Acetazolamid sodium injectio,500 MG,21.618,20.000,,,,,,,
J1160,Digoxin injection,0.5 MG,8.819,20.000,,,,,,,
J1162,Digoxin immune fab (ovine),PER VIAL,5069.980,19.582,,,,,,Inflation-adjusted coinsurance,
J1165,Phenytoin sodium injection,50 MG,0.471,20.000,,,,,,,
J1171,"Inj, hydromorphone, 0.1 mg",0.1 MG,0.089,20.000,,,,,,,
J1190,Dexrazoxane hcl injection,250 MG,80.875,20.000,,,,,,,
J1200,Diphenhydramine hcl injectio,50 MG,0.734,20.000,,,,,,,
J1201,Inj. cetirizine hcl 0.5mg,0.5 MG,15.730,20.000,,,,,,,
J1203,"Inj, cipaglucosidase, 5 mg",5 MG,89.377,20.000,,,,,,,
J1205,Chlorothiazide sodium inj,500 MG,60.464,20.000,,,,,,,
J1212,Dimethyl sulfoxide 50% 50 ml,50 ML,715.390,20.000,,,,,,,
J1230,Methadone injection,10 MG,20.661,20.000,,,,,,,
J1240,Dimenhydrinate injection,50 MG,8.672,20.000,,,,,,,
J1245,Dipyridamole injection,10 MG,3.867,20.000,,,,,,,
J1250,Inj dobutamine hcl/250 mg,250 MG,7.390,20.000,,,,,,,
J1265,Dopamine injection,40 MG,0.773,20.000,,,,,,,
J1270,"Injection, doxercalciferol",1 MCG,0.379,20.000,,,,,,,
J1290,Ecallantide injection,1 MG,563.098,20.000,,,,,,,
J1300,Eculizumab injection,10 MG,224.159,20.000,,,,,,,
J1301,"Injection, edaravone, 1 mg",1 MG,21.682,20.000,,,,,,,
J1302,"Inj, sutimlimab-jome, 10 mg",10 MG,18.127,20.000,,,,,,,
J1303,"Inj., ravulizumab-cwvz 10 mg",10 MG,220.588,20.000,,,,,,,
J1304,Inj tofersen intrathec 1 mg,1 MG,155.338,19.983,,,,,,Inflation-adjusted coinsurance,
J1305,"Inj, evinacumab-dgnb, 5mg",5 MG,186.306,20.000,,,,,,,
J1306,"Injection, inclisiran, 1 mg",1 MG,12.277,20.000,,,,,,,
J1322,"Elosulfase alfa, injection",1 MG,293.924,20.000,,,,,,,
J1323,"Inj, elranatamab-bcmm, 1 mg",1 MG,177.647,20.000,,,,,,,
J1325,Epoprostenol injection,0.5 MG,16.436,20.000,,,,,,,
J1335,Ertapenem injection,500 MG,11.014,20.000,,,,,,,
J1364,Erythro lactobionate /500 mg,500 MG,62.140,20.000,,,,,,,
J1380,Estradiol valerate 10 mg inj,10 MG,7.942,20.000,,,,,,,
J1410,Inj estrogen conjugate 25 mg,25 MG,382.912,20.000,,,,,,,
J1430,Ethanolamine oleate 100 mg,100 MG,491.653,20.000,,,,,,,
J1437,Inj. fe derisomaltose 10 mg,10 MG,20.774,20.000,,,,,,,
J1439,Inj ferric carboxymaltos 1mg,1 MG,1.105,20.000,,,,,,,
J1440,Fecal microbiota jslm 1 ml,1 ML,63.600,20.000,,,,,,,
J1442,Inj filgrastim excl biosimil,1 MCG,0.984,20.000,,,,,,,
J1447,Inj tbo filgrastim 1 microg,1 MCG,0.404,20.000,,,,,,,
J1448,"Injection, trilaciclib, 1mg",1 MG,5.366,20.000,,,,,,,
J1449,Inj eflapegrastim-xnst 0.1mg,0.1 MG,22.135,20.000,,,,,,,
J1450,Fluconazole,200 MG,2.385,20.000,,,,,,,
J1453,Fosaprepitant injection,1 MG,0.120,20.000,,,,,,,
J1454,"Inj fosnetupitant, palonoset",0.25 MG,658.100,20.000,,,,,,,
J1455,Foscarnet sodium injection,1000 MG,38.277,20.000,,,,,,Added January 2025 ,
J1456,"Inj, fosaprepitant (teva)",1 MG,0.441,18.105,,,,,,Inflation-adjusted coinsurance,
J1458,Galsulfase injection,1 MG,484.922,20.000,,,,,,,
J1459,Inj ivig privigen 500 mg,500 MG,49.284,20.000,,,,,,,
J1460,Gamma globulin 1 cc inj,1 CC,49.416,20.000,,,,,,,
J1551,Inj cutaquig 100 mg,100 MG,14.512,20.000,,,,,,,
J1552,"Inj, alyglo, 500 mg",500 MG,146.889,20.000,,,,,,Added January 2025 ,
J1554,Inj. asceniv,500 MG,494.970,20.000,,,,,,,
J1555,"Inj cuvitru, 100 mg",100 MG,16.611,20.000,,,,,,,
J1556,"Inj, imm glob bivigam, 500mg",500 MG,76.632,20.000,,,,,,,
J1557,Gammaplex injection,500 MG,56.766,20.000,,,,,,,
J1558,"Inj. xembify, 100 mg",100 MG,14.255,20.000,,,,,,,
J1559,Hizentra injection,100 MG,13.637,19.810,,,,,,Inflation-adjusted coinsurance,
J1560,Gamma globulin > 10 cc inj,10 CC,494.164,20.000,,,,,,,
J1561,Gamunex-c/gammaked,500 MG,49.009,20.000,,,,,,,
J1566,"Immune globulin, powder",500 MG,81.431,20.000,,,,,,,
J1568,Octagam injection,500 MG,49.301,20.000,,,,,,,
J1569,Gammagard liquid injection,500 MG,46.459,20.000,,,,,,,
J1570,Ganciclovir sodium injection,500 MG,28.743,20.000,,,,,,,
J1571,Hepagam b im injection,0.5 ML,65.935,20.000,,,,,,,
J1573,"Hepagam b intravenous, inj",0.5 ML,65.935,20.000,,,,,,Added January 2025 ,
J1575,Hyqvia 100mg immuneglobulin,100 MG,17.687,20.000,,,,,,,
J1576,"Inj, panzyga, 500 mg",500 MG,69.098,20.000,,,,,,,
J1580,Garamycin gentamicin inj,80 MG,2.470,20.000,,,,,,,
J1596,"Inj, glycopyrrolate, 0.1 mg",0.1 MG,0.576,20.000,,,,,,,
J1598,Inj glycopyrrolate fres kabi,0.1 MG,2.019,20.000,,,,,,,
J1602,Golimumab for iv use 1mg,1 MG,10.536,20.000,,,,,,,
J1610,Glucagon hydrochloride/1 mg,1 MG,184.179,20.000,,,,,,,
J1611,"Inj glucagon hcl, fresenius",1 MG,111.908,20.000,,,,,,,
J1626,Granisetron hcl injection,100 MCG,0.227,20.000,,,,,,,
J1627,"Inj, granisetron, xr, 0.1 mg",0.1 MG,5.514,20.000,,,,,,,
J1628,"Inj., guselkumab, 1 mg",1 MG,73.523,20.000,,,,,,Added January 2025 ,
J1630,Haloperidol injection,5 MG,1.207,20.000,,,,,,,
J1631,Haloperidol decanoate inj,50 MG,5.547,20.000,,,,,,,
J1640,"Hemin, 1 mg",1 MG,33.122,19.200,,,,,,Inflation-adjusted coinsurance,
J1642,Inj heparin sodium per 10 u,10 UNITS,0.018,20.000,,,,,,,
J1643,"Inj heparin, pfizer, 1000u",1000 UNITS,3.519,20.000,,,,,,,
J1644,Inj heparin sodium per 1000u,1000 UNITS,0.202,20.000,,,,,,,
J1645,Dalteparin sodium,2500 IU,13.864,14.972,,,,,,Inflation-adjusted coinsurance,
J1650,Inj enoxaparin sodium,10 MG,0.564,20.000,,,,,,,
J1652,Fondaparinux sodium,0.5 MG,0.672,20.000,,,,,,,
J1670,Tetanus immune globulin inj,250 UNITS,572.068,20.000,,,,,,,
J1720,Hydrocortisone sodium succ i,100 MG,20.939,20.000,,,,,,,
J1740,Ibandronate sodium injection,1 MG,25.358,20.000,,,,,,,
J1741,Ibuprofen injection,100 MG,2.965,20.000,,,,,,Added January 2025 ,
J1743,Idursulfase injection,1 MG,542.221,20.000,,,,,,,
J1745,Infliximab not biosimil 10mg,10 MG,30.525,20.000,,,,,,,
J1746,"Inj., ibalizumab-uiyk, 10 mg",10 MG,77.133,20.000,,,,,,,
J1747,"Inj, spesolimab-sbzo, 1 mg",1 MG,61.428,20.000,,,,,,,
J1748,"Inj, zymfentra, 10 mg",10 MG,261.226,20.000,,,,,,Added January 2025 ,
J1750,Inj iron dextran,50 MG,17.404,20.000,,,,,,,
J1756,Iron sucrose injection,1 MG,0.226,20.000,,,,,,,
J1786,Imuglucerase injection,10 UNITS,43.381,20.000,,,,,,,
J1805,"Inj, esmolol hcl, 10mg",10 MG,0.211,20.000,,,,,,,
J1806,Inj esmolol hcl wg crit care,10 MG,0.358,20.000,,,,,,,
J1811,Fiasp for insulin pump use,50 UNITS,7.900,20.000,,,,,,,
J1813,Lyumjev for insulin pump use,50 UNITS,15.476,20.000,,,,,,,
J1817,Insulin for insulin pump use,50 UNITS,2.382,20.000,,,,,,,
J1823,"Inj. inebilizumab-cdon, 1 mg",1 MG,484.403,20.000,,,,,,,
J1836,"Inj, metronidazole, 10 mg",10 MG,0.025,20.000,,,,,,,
J1885,Ketorolac tromethamine inj,15 MG,0.751,20.000,,,,,,,
J1920,"Inj, labetalol hcl, 5mg",5 MG,0.294,20.000,,,,,,,
J1921,"Inj labetalol hcl hikma, 5mg",5 MG,1.382,20.000,,,,,,,
J1930,Lanreotide injection,1 MG,44.983,20.000,,,,,,,
J1931,Laronidase injection,0.1 MG,38.616,20.000,,,,,,,
J1932,"Inj, lanreotide, (cipla) 1mg",1 MG,30.682,20.000,,,,,,,
J1939,"Inj, bumetanide, 0.5 mg",0.5 MG,0.579,20.000,,,,,,,
J1940,Furosemide injection,20 MG,0.386,20.000,,,,,,,
J1943,"Inj., aristada initio, 1 mg",1 MG,3.131,20.000,,,,,,,
J1944,Aripiprazole lauroxil 1 mg,1 MG,3.233,20.000,,,,,,,
J1950,Leuprolide acetate /3.75 mg,3.75 MG,1666.776,18.865,,,,,,Inflation-adjusted coinsurance,
J1951,Inj fensolvi 0.25 mg,0.25 MG,136.481,20.000,,,,,,,
J1952,"Leuprolide inj, camcevi, 1mg",1 mg,55.905,20.000,,,,,,,
J1953,Levetiracetam injection,10 MG,0.052,20.000,,,,,,,
J1954,Leuprolide depot cipla 7.5mg,7.5 MG,235.280,20.000,,,,,,,
J1955,Inj levocarnitine per 1 gm,1 GM,25.563,20.000,,,,,,,
J1956,Levofloxacin injection,250 MG,1.891,20.000,,,,,,,
J1961,"Inj, lenacapavir, 1 mg",1 MG,21.982,20.000,,,,,,,
J2002,"Inj, lidocaine in d5w, 1 mg",1 MG,0.003,20.000,,,,,,,
J2010,Lincomycin injection,300 MG,6.727,20.000,,,,,,,
J2020,Linezolid injection,200 MG,2.979,20.000,,,,,,,
J2021,"Inj, linezolid (hospira)",200 MG,8.272,20.000,,,,,,,
J2060,Lorazepam injection,2 MG,1.351,20.000,,,,,,,
J2150,Mannitol injection,50 ML,2.536,20.000,,,,,,,
J2175,Meperidine hydrochl /100 mg,100 MG,6.962,20.000,,,,,,,
J2182,"Injection, mepolizumab, 1mg",1 MG,30.687,20.000,,,,,,,
J2183,Inj meropenem (wg crit care),100 MG,1.654,20.000,,,,,,,
J2184,"Inj, meropenem (b. braun)",100 MG,2.074,9.497,,,,,,Inflation-adjusted coinsurance,
J2185,Meropenem,100 MG,0.388,20.000,,,,,,,
J2210,Methylergonovin maleate inj,0.2 MG,21.822,20.000,,,,,,,
J2247,"Inj, micafungin (par pharm)",1 MG,0.309,20.000,,,,,,AMP-based payment limit,
J2248,Micafungin sodium injection,1 MG,0.282,20.000,,,,,,,
J2250,Inj midazolam hydrochloride,1 MG,0.131,20.000,,,,,,,
J2251,Inj midazolam in 0.9% nacl,1 MG,0.165,20.000,,,,,,,
J2260,Inj milrinone lactate / 5 mg,5 MG,1.311,20.000,,,,,,,
J2267,"Inj, mirikizumab-mrkz, 1 mg",1 MG,45.393,20.000,,,,,,,
J2270,Morphine sulfate injection,10 MG,4.577,20.000,,,,,,,
J2272,"Inj, morphine (fresenius)",10 MG,4.057,20.000,,,,,,,
J2274,Inj morphine pf epid ithc,10 MG,11.550,20.000,,,,,,,
J2277,"Inj, motixafortide, 0.25 mg",0.25 MG,25.218,20.000,,,,,,,
J2278,Ziconotide injection,1 MCG,9.778,20.000,,,,,,,
J2280,"Inj, moxifloxacin 100 mg",100 MG,8.648,20.000,,,,,,,
J2281,Inj moxifloxacin (fres kabi),100 MG,6.166,20.000,,,,,,,
J2300,Inj nalbuphine hydrochloride,10 MG,3.427,20.000,,,,,,,
J2305,"Inj, nitroglycerin, 5 mg",5 MG,1.410,20.000,,,,,,,
J2310,Inj naloxone hydrochloride,1 MG,8.702,20.000,,,,,,,
J2311,"Inj, naloxone hcl (zimhi)",1 MG,1.495,20.000,,,,,,,
J2315,"Naltrexone, depot form",1 MG,4.123,20.000,,,,,,,
J2323,Natalizumab injection,1 MG,23.880,20.000,,,,,,,
J2327,Inj risankizumab-rzaa 1 mg,1 MG,15.081,20.000,,,,,,,
J2329,"Inj ublituximab-xiiy, 1 mg",1 MG,69.025,20.000,,,,,,,
J2350,"Injection, ocrelizumab, 1 mg",1 MG,58.766,20.000,,,,,,,
J2353,"Octreotide injection, depot",1 MG,218.371,20.000,,,,,,,
J2354,"Octreotide inj, non-depot",25 MCG,0.805,20.000,,,,,,,
J2356,"Inj tezepelumab-ekko, 1mg",1 MG,18.155,20.000,,,,,,"""lesser of"" methodology applied",
J2357,Omalizumab injection,5 MG,37.755,20.000,,,,,,"""lesser of"" methodology applied",
J2358,Olanzapine long-acting inj,1 MG,2.917,20.000,,,,,,,
J2359,"Inj. olanzapine, 0.5mg",0.5 MG,0.745,20.000,,,,,,,
J2360,Orphenadrine injection,60 MG,13.994,20.000,,,,,,,
J2372,"Inj, biorphen, 20 micrograms",20 MCG,0.167,20.000,,,,,,,
J2373,"Inj, immphentiv, 20 mcg",20 MCG,0.139,20.000,,,,,,,
J2401,Chloroprocaine hcl injection,1 MG,0.031,20.000,,,,,,,
J2403,"Chloroprocaine opht gel, 1mg",1 MG,0.607,20.000,,,,,,,
J2404,"Inj, nicardipine 0.1 mg",0.1 MG,0.077,20.000,,,,,,,
J2405,Ondansetron hcl injection,1 MG,0.090,20.000,,,,,,,
J2406,"Injection, oritavancin 10 mg",10 MG,43.324,20.000,,,,,,,
J2407,"Injection, oritavancin",10 MG,28.532,20.000,,,,,,,
J2425,Palifermin injection,50 MCG,33.991,16.931,,,,,,Added January 2025 Inflation-adjusted coinsurance,
J2426,"Inj, invega sustenna, 1 mg",1 MG,14.733,20.000,,,,,,,
J2427,"Inj, invega hafyera/trinza",1MG,12.622,20.000,,,,,,,
J2430,Pamidronate disodium /30 mg,30 MG,12.583,20.000,,,,,,,
J2469,Palonosetron hcl,25 MCG,0.590,20.000,,,,,,AMP-based payment limit,
J2501,Paricalcitol,1 MCG,0.900,20.000,,,,,,,
J2506,Inj pegfilgrast ex bio 0.5mg,0.5 MG,19.981,20.000,,,,,,,
J2507,Pegloticase injection,1 MG,3550.048,19.648,,,,,,Inflation-adjusted coinsurance,
J2508,Pegunigalsidase alfa-iwxj,1 MG,226.793,19.758,,,,,,Inflation-adjusted coinsurance,
J2540,Penicillin g potassium inj,600000 UNITS,0.749,20.000,,,,,,,
J2543,Piperacillin/tazobactam,1.125 GM,1.135,20.000,,,,,,,
J2545,Pentamidine non-comp unit,300 MG,79.385,20.000,,,,,,,
J2550,Promethazine hcl injection,50 MG,3.569,20.000,,,,,,,
J2560,Phenobarbital sodium inj,120 MG,30.756,20.000,,,,,,,
J2562,Plerixafor injection,1 MG,37.078,20.000,,,,,,,
J2597,Inj desmopressin acetate,1 MCG,4.950,20.000,,,,,,,
J2598,"Inj, vasopressin, 1 unit",1 UNIT,1.631,20.000,,,,,,,
J2599,Inj vasopressin (am reg) 1 u,1 UNIT,1.201,20.000,,,,,,,
J2601,"Inj, vasopressin (baxter)",1 UNIT,3.634,20.000,,,,,,Added January 2025 ,
J2675,Inj progesterone per 50 mg,50 MG,0.894,20.000,,,,,,,
J2679,Inj fluphenazine hcl 1.25 mg,1.25 MG,7.693,20.000,,,,,,,
J2680,Fluphenazine decanoate 25 mg,25 MG,9.410,20.000,,,,,,,
J2690,Procainamide hcl injection,1 GM,183.031,20.000,,,,,,,
J2700,Oxacillin sodium injeciton,250 MG,1.065,20.000,,,,,,,
J2704,"Inj, propofol, 10 mg",10 MG,0.083,20.000,,,,,,,
J2720,Inj protamine sulfate/10 mg,10 MG,1.143,20.000,,,,,,,
J2724,Protein c concentrate,10 UNITS,15.031,20.000,,,,,,,
J2760,Phentolaine mesylate inj,5 MG,394.625,20.000,,,,,,,
J2765,Metoclopramide hcl injection,10 MG,1.031,20.000,,,,,,,
J2777,"Inj, faricimab-svoa, 0.1mg",0.1 MG,35.246,20.000,,,,,,,
J2778,Ranibizumab injection,0.1 mg,123.979,20.000,,,,,,,
J2779,"Inj, susvimo 0.1 mg",0.1 MG,80.460,20.000,,,,,,,
J2781,"Inj, pegcetacoplan, 1mg",1 MG,146.367,20.000,,,,,,,
J2782,Inj avacincaptad pegol 0.1mg,0.1 MG,108.704,20.000,,,,,,,
J2783,Rasburicase,0.5 MG,369.967,20.000,,,,,,,
J2785,Regadenoson injection,0.1 MG,3.811,20.000,,,,,,,
J2786,"Injection, reslizumab, 1mg",1 MG,10.319,20.000,,,,,,,
J2788,Rho d immune globulin 50 mcg,50 MCG (250 IU),24.559,20.000,,,,,,,
J2790,Rho d immune globulin inj,300 MCG (1500 IU),83.362,20.000,,,,,,,
J2791,Rhophylac injection,100 IU,4.894,20.000,,,,,,,
J2792,"Rho(d) immune globulin h, sd",100 IU,32.863,20.000,,,,,,,
J2794,"Inj risperdal consta, 0.5 mg",0.5 MG,10.990,20.000,,,,,,,
J2795,Ropivacaine hcl injection,1 MG,0.073,20.000,,,,,,,
J2798,"Inj., perseris, 0.5 mg",0.5 mg,12.189,20.000,,,,,,,
J2799,"Inj, uzedy, 1 mg",1 MG,24.719,20.000,,,,,,,
J2800,Methocarbamol injection,10 ML,6.566,20.000,,,,,,,
J2802,"Inj, romiplostim 1 microgram",1 MCG,10.543,18.772,,,,,,Inflation-adjusted coinsurance,
J2805,Sincalide injection,5 MCG,114.387,20.000,,,,,,,
J2820,Sargramostim injection,50 MCG,60.018,19.839,,,,,,Inflation-adjusted coinsurance,
J2860,"Injection, siltuximab",10 MG,155.968,18.799,,,,,,Inflation-adjusted coinsurance,
J2916,Na ferric gluconate complex,12.5 MG,1.991,20.000,,,,,,,
J2919,"Inj, methylpred sod succ 5mg",5 MG,0.268,20.000,,,,,,,
J2997,Alteplase recombinant,1 MG,91.481,20.000,,,,,,,
J3000,Streptomycin injection,1 GM,28.263,20.000,,,,,,,
J3010,Fentanyl citrate injection,0.1 MG,0.852,20.000,,,,,,,
J3032,Inj. eptinezumab-jjmr 1 mg,1 MG,19.323,19.419,,,,,,Inflation-adjusted coinsurance,
J3055,Inj talquetamab-tgvs 0.25 mg,0.25 MG,69.972,19.787,,,,,,Inflation-adjusted coinsurance,
J3060,"Inj, taliglucerase alfa 10 u",10 UNITS,41.621,20.000,,,,,,,
J3090,Inj tedizolid phosphate,1 MG,1.808,20.000,,,,,,,
J3095,Telavancin injection,10 MG,7.396,20.000,,,,,,,
J3101,Tenecteplase injection,1 MG,162.431,19.959,,,,,,Inflation-adjusted coinsurance,
J3105,Terbutaline sulfate inj,1 MG,2.143,20.000,,,,,,,
J3111,Inj. romosozumab-aqqg 1 mg,1 MG,11.486,19.485,,,,,,Inflation-adjusted coinsurance,
J3121,Inj testostero enanthate 1mg,1 MG,0.053,20.000,,,,,,,
J3145,Testosterone undecanoate 1mg,1 MG,1.918,19.648,,,,,,Inflation-adjusted coinsurance,
J3230,Chlorpromazine hcl injection,50 MG,30.479,20.000,,,,,,,
J3240,Thyrotropin injection,0.9 MG,2067.908,20.000,,,,,,,
J3241,Inj. teprotumumab-trbw 10 mg,10 MG,347.102,20.000,,,,,,,
J3243,Tigecycline injection,1 MG,0.630,20.000,,,,,,,
J3245,"Inj., tildrakizumab, 1 mg",1 MG,133.178,20.000,,,,,,,
J3246,Tirofiban hcl,0.25 MG,3.622,20.000,,,,,,,
J3247,Inj secukinumab intrav 1mg,1 MG,17.720,20.000,,,,,,,
J3250,Trimethobenzamide hcl inj,200 MG,50.950,19.214,,,,,,Inflation-adjusted coinsurance,
J3260,Tobramycin sulfate injection,80 MG,1.966,20.000,,,,,,,
J3262,Tocilizumab injection,1 MG,5.966,20.000,,,,,,,
J3263,"Inj, toripalimab-tpzi, 1 mg",1 MG,39.318,20.000,,,,,,,
J3285,Treprostinil injection,1 MG,55.946,20.000,,,,,,,
J3299,Inj xipere 1 mg,1 MG,48.422,20.000,,,,,,,
J3301,Triamcinolone acet inj nos,10 MG,0.898,20.000,,,,,,,
J3304,Inj triamcinolone ace xr 1mg,1 MG,17.998,20.000,,,,,,,
J3315,Triptorelin pamoate,3.75 MG,481.294,20.000,,,,,,,
J3357,"Ustekinumab sub cu inj, 1 mg",1 MG,155.883,20.000,,,,,,,
J3358,"Ustekinumab, iv inject, 1 mg",1 MG,12.759,20.000,,,,,,,
J3360,Diazepam injection,5 MG,8.547,20.000,,,,,,,
J3370,Vancomycin hcl injection,500 MG,1.863,20.000,,,,,,,
J3371,"Inj, vancomycin hcl (mylan)",500 MG,6.433,20.000,,,,,,,
J3372,"Inj, vancomycin hcl (xellia)",500 MG,6.379,20.000,,,,,,,
J3380,Inj vedolizumab iv 1 mg,1 MG,21.670,20.000,,,,,,,
J3385,Velaglucerase alfa,100 UNITS,374.019,20.000,,,,,,,
J3396,Verteporfin injection,0.1 MG,11.503,20.000,,,,,,,
J3401,"Vyjuvek 5x10^9pfu/ml, 0.1 ml",0.1 ML,1016.784,20.000,,,,,,,
J3410,Hydroxyzine hcl injection,25 MG,12.310,20.000,,,,,,,
J3411,Thiamine hcl 100 mg,100 MG,1.764,20.000,,,,,,,
J3415,Pyridoxine hcl 100 mg,100 MG,15.779,20.000,,,,,,,
J3420,Vitamin b12 injection,1000 MCG,1.271,20.000,,,,,,,
J3425,Hydroxocobalamin im 10mcg,10 MCG,0.008,20.000,,,,,,,
J3430,Vitamin k phytonadione inj,1 MG,2.206,20.000,,,,,,,
J3465,"Injection, voriconazole",10 MG,0.974,20.000,,,,,,,
J3470,Hyaluronidase injection,150 UNITS,30.066,20.000,,,,,,Added January 2025 ,
J3473,Hyaluronidase recombinant,1 USP UNIT,0.365,20.000,,,,,,,
J3475,Inj magnesium sulfate,500 MG,0.489,20.000,,,,,,,
J3480,Inj potassium chloride,2 MEQ,0.103,20.000,,,,,,,
J3485,Zidovudine,10 MG,1.513,20.000,,,,,,,
J3486,Ziprasidone mesylate,10 MG,7.191,20.000,,,,,,,
J3489,Zoledronic acid 1mg,1 MG,5.604,20.000,,,,,,,
J7030,Normal saline solution infus,1000 CC,2.504,20.000,,,,,,,
J7040,Normal saline solution infus,500 ML,1.252,20.000,,,,,,,
J7042,5% dextrose/normal saline,500 ML,1.178,20.000,,,,,,,
J7050,Normal saline solution infus,250 CC,0.626,20.000,,,,,,,
J7060,5% dextrose/water,500 ML,1.799,20.000,,,,,,,
J7070,D5w infusion,1000 CC,3.598,20.000,,,,,,,
J7120,Ringers lactate infusion,1000 CC,2.412,20.000,,,,,,,
J7170,"Inj., emicizumab-kxwh 0.5 mg",0.5 MG,52.019,20.000,,,,,1,,
J7171,"Inj, adzynma, 10 iu",10 UNITS,34.571,20.000,,,,,,,
J7175,"Inj, factor x, (human), 1iu",1 IU,9.533,20.000,,,,,1,,
J7177,"Inj., fibryga, 1 mg",1 MG,1.107,20.000,,,,,1,,
J7178,Inj human fibrinogen con nos,1 MG,1.483,20.000,,,,,1,,
J7179,Vonvendi inj 1 iu vwf:rco,1 IU,1.851,20.000,,,,,1,,
J7180,Factor xiii anti-hem factor,1 IU,10.473,20.000,,,,,1,,
J7181,Factor xiii recomb a-subunit,1 IU,17.169,20.000,,,,,1,,
J7182,Factor viii recomb novoeight,1 IU,1.427,20.000,,,,,1,,
J7183,Wilate injection,1 I.U. VWF:RCO,1.283,20.000,,,,,1,,
J7185,Xyntha inj,1 IU,1.499,20.000,,,,,1,,
J7186,Antihemophilic viii/vwf comp,PER FACTOR VIII IU,1.199,20.000,,,,,1,,
J7187,"Humate-p, inj",1 IU,1.446,20.000,,,,,1,,
J7188,Factor viii recomb obizur,1 IU,3.229,20.000,,,,,1,,
J7189,Factor viia recomb novoseven,1 MCG,2.549,20.000,,,,,1,,
J7190,Factor viii,1 IU,1.117,20.000,,,,,1,,
J7192,Factor viii recombinant nos,1 IU,1.542,20.000,,,,,1,,
J7193,Factor ix non-recombinant,1 IU,1.341,20.000,,,,,1,,
J7194,Factor ix complex,1 IU,1.655,20.000,,,,,1,,
J7195,Factor ix recombinant nos,1 IU,1.840,20.000,,,,,1,,
J7197,Antithrombin iii injection,1 IU,3.961,20.000,,,,,,,
J7198,Anti-inhibitor,1 IU,2.363,20.000,,,,,1,,
J7200,Factor ix recombinan rixubis,1 IU,1.651,20.000,,,,,1,,
J7201,Factor ix alprolix recomb,1 IU,3.575,20.000,,,,,1,,
J7202,Factor ix idelvion inj,1 IU,5.207,20.000,,,,,1,,
J7203,Factor ix recomb gly rebinyn,1 IU,4.394,20.000,,,,,1,,
J7204,Inj recombin esperoct per iu,1 IU,2.185,20.000,,,,,1,,
J7205,Factor viii fc fusion recomb,1 IU,2.338,20.000,,,,,1,,
J7207,Factor viii pegylated recomb,1 IU,2.099,20.000,,,,,1,,
J7208,Inj. jivi 1 iu,1 IU,2.446,20.000,,,,,1,,
J7209,Factor viii nuwiq recomb 1iu,1 IU,1.239,20.000,,,,,1,,
J7210,"Inj, afstyla, 1 i.u.",1 IU,1.516,20.000,,,,,1,,
J7211,"Inj, kovaltry, 1 i.u.",1 IU,1.484,20.000,,,,,1,,
J7212,Factor viia recomb sevenfact,1 MCG,2.349,20.000,,,,,1,,
J7213,"Inj, ixinity, 1 i.u.",1 IU,2.202,20.000,,,,,1,,
J7214,Altuviiio per factor viii iu,1 IU,4.639,20.000,,,,,1,,
J7308,Aminolevulinic acid hcl top,354 MG,395.264,20.000,,,,,,,
J7311,"Inj., retisert, 0.01 mg",0.01 MG,333.233,20.000,,,,,,,
J7312,Dexamethasone intra implant,0.1 MG,205.557,20.000,,,,,,,
J7313,"Inj., iluvien, 0.01 mg",0.01 MG,493.684,20.000,,,,,,,
J7314,"Inj., yutiq, 0.01 mg",0.01 MG,525.893,20.000,,,,,,,
J7318,"Inj, durolane 1 mg",1 MG,6.702,20.000,,,,,,,
J7320,"Genvisc 850, inj, 1mg",1 MG,6.172,20.000,,,,,,,
J7321,Hyalgan supartz visco-3 dose,per dose,73.026,20.000,,,,,,,
J7322,Hymovis injection 1 mg,1 MG,17.415,20.000,,,,,,,
J7323,Euflexxa inj per dose,per dose,120.682,20.000,,,,,,,
J7324,Orthovisc inj per dose,PER DOSE,92.136,20.000,,,,,,,
J7325,Synvisc or synvisc-one,1 MG,9.163,20.000,,,,,,,
J7326,Gel-one,per dose,526.376,20.000,,,,,,,
J7327,Monovisc inj per dose,PER DOSE,564.654,20.000,,,,,,,
J7328,Gelsyn-3 injection 0.1 mg,0.1 MG,0.559,20.000,,,,,,,
J7329,"Inj, trivisc 1 mg",1 MG,6.103,20.000,,,,,,,
J7331,"Synojoynt, inj., 1 mg",1 MG,8.903,20.000,,,,,,,
J7332,"Inj., triluron, 1 mg",1 MG,10.094,20.000,,,,,,,
J7336,Capsaicin 8% patch,1 SQ CM,3.327,20.000,,,,,,,
J7340,Carbidopa levodopa ent 100ml,100 ML,235.948,20.000,,,,,,,
J7345,"Aminolevulinic acid, 10% gel",10 MG,1.722,20.000,,,,,,,
J7351,Inj bimatoprost itc imp1mcg,1 MCG,209.889,20.000,,,,,,,
J7354,"Cantharidin top, applicator",Per 3.2 mg single-use applicator,711.753,20.000,,,,,,,
J7402,Mometasone sinus sinuva,10 MCG,11.345,20.000,,,,,,,
J7500,Azathioprine oral 50mg,50 MG,1.194,20.000,,,,,,,
J7502,Cyclosporine oral 100 mg,100 MG,2.199,20.000,,,,,,,
J7503,Tacrol envarsus ex rel oral,0.25 MG,1.803,19.594,,,,,,Inflation-adjusted coinsurance,
J7504,Lymphocyte immune globulin,250 MG,4355.733,13.043,,,,,,Inflation-adjusted coinsurance,
J7507,Tacrolimus imme rel oral 1mg,1 MG,0.176,20.000,,,,,,,
J7508,Tacrol astagraf ex rel oral,0.1 MG,0.568,20.000,,,,,,,
J7509,Methylprednisolone oral,4 MG,0.247,20.000,,,,,,,
J7510,Prednisolone oral per 5 mg,5 MG,0.572,20.000,,,,,,,
J7511,Antithymocyte globuln rabbit,25 MG,950.264,20.000,,,,,,,
J7512,Prednisone ir or dr oral 1mg,1 MG,0.005,20.000,,,,,,,
J7515,Cyclosporine oral 25 mg,25 MG,0.826,20.000,,,,,,,
J7516,"Inj, cyclosporine 250mg",250 MG,71.360,20.000,,,,,,Added January 2025 ,
J7517,Mycophenolate mofetil oral,250 MG,0.152,20.000,,,,,,,
J7518,Mycophenolic acid,180 MG,0.478,20.000,,,,,,,
J7519,Inj. mycophenolate mofetil,10 MG,0.412,20.000,,,,,,,
J7520,"Sirolimus, oral",1 MG,1.063,20.000,,,,,,,
J7525,Tacrolimus injection,5 MG,254.666,20.000,,,,,,,
J7527,Oral everolimus,0.25 MG,2.322,20.000,,,,,,,
J7605,Arformoterol non-comp unit,15 mcg,0.809,20.000,,,,,,,
J7606,"Formoterol fumarate, inh",20 MCG,1.888,20.000,,,,,,,
J7608,Acetylcysteine non-comp unit,1 GM,8.147,20.000,,,,,,,
J7611,Albuterol non-comp con,1 MG,0.160,20.000,,,,,,,
J7612,Levalbuterol non-comp con,0.5 MG,0.294,20.000,,,,,,,
J7613,Albuterol non-comp unit,1 MG,0.074,20.000,,,,,,,
J7614,Levalbuterol non-comp unit,0.5 MG,0.085,20.000,,,,,,,
J7620,Albuterol ipratrop non-comp,2.5 MG/0.5 MG,0.186,20.000,,,,,,,
J7626,Budesonide non-comp unit,0.5 MG,1.412,20.000,,,,,,,
J7631,Cromolyn sodium noncomp unit,10 MG,0.214,20.000,,,,,,,
J7639,Dornase alfa non-comp unit,1 MG,53.593,20.000,,,,,,,
J7644,Ipratropium bromide non-comp,1 MG,0.367,20.000,,,,,,,
J7674,"Methacholine chloride, neb",1 MG,1.610,20.000,,,,,,,
J7677,Revefenacin inh non-com 1mcg,1 MCG,0.197,20.000,,,,,,,
J7682,Tobramycin non-comp unit,300 MG,16.003,20.000,,,,,,,
J7686,"Treprostinil, non-comp unit", 1.74 MG,760.152,20.000,,,,,,,
J8501,Oral aprepitant,5 MG,2.857,20.000,,,,,,,
J8522,"Capecitabine, oral, 50 mg",50 MG,0.040,20.000,,,,,,,
J8530,Cyclophosphamide oral 25 mg,25 MG,0.836,20.000,,,,,,,
J8540,Oral dexamethasone,0.25 MG,0.064,20.000,,,,,,,
J8560,Etoposide oral 50 mg,50 MG,76.524,20.000,,,,,,,
J8610,Methotrexate oral 2.5 mg,2.5 MG,0.177,20.000,,,,,,,
J8655,"Oral netupitant, palonosetro",0.5 MG,399.872,19.030,,,,,,Inflation-adjusted coinsurance,
J8670,"Rolapitant, oral, 1mg",1 MG,1.616,20.000,,,,,,,
J8700,Temozolomide,5 MG,0.265,20.000,,,,,,,
J8705,Topotecan oral,0.25 mg,124.931,20.000,,,,,,,
J9000,Doxorubicin hcl injection,10 MG,3.320,20.000,,,,,,,
J9017,Arsenic trioxide injection,1 MG,4.681,20.000,,,,,,,
J9021,"Inj, aspara, rylaze, 0.1 mg",0.1 MG,54.140,19.549,,,,,,Inflation-adjusted coinsurance,
J9022,"Inj, atezolizumab,10 mg",10 MG,88.223,20.000,,,,,,,
J9023,"Injection, avelumab, 10 mg",10 MG,96.948,20.000,,,,,,,
J9025,Azacitidine injection,1 MG,0.285,20.000,,,,,,,
J9027,Clofarabine injection,1 MG,8.455,20.000,,,,,,,
J9028,"Inj, nogapendekin pmln, 1mcg",1 MCG,94.870,20.000,,,,,,Added January 2025 ,
J9029,"Instill adstiladrin, tx dose",PER THERAPEUTIC DOSE,63402.043,20.000,,,,,,,
J9030,Bcg live intravesical 1mg,1 MG,2.999,20.000,,,,,,,
J9032,"Injection, belinostat, 10mg",10 MG,50.280,20.000,,,,,,,
J9033,"Inj., treanda 1 mg",1 MG,1.802,20.000,,,,,,,
J9034,"Inj., bendeka 1 mg",1 MG,13.453,20.000,,,,,,,
J9035,Bevacizumab injection,10 MG,73.190,20.000,,,,,,,
J9036,Inj. belrapzo/bendamustine,1 MG,17.125,20.000,,,,,,,
J9039,"Injection, blinatumomab",1 MCG,152.507,19.281,,,,,,Inflation-adjusted coinsurance,
J9040,Bleomycin sulfate injection,15 UNITS,20.911,20.000,,,,,,,
J9041,"Injection, bortezomib, 0.1mg",0.1 MG,2.220,20.000,,,,,,,
J9042,Brentuximab vedotin inj,1 MG,248.930,18.275,,,,,,Inflation-adjusted coinsurance,
J9043,Cabazitaxel injection,1 MG,224.090,20.000,,,,,,,
J9045,Carboplatin injection,50 MG,3.630,20.000,,,,,,,
J9047,"Injection, carfilzomib, 1 mg",1 MG,51.965,18.735,,,,,,Inflation-adjusted coinsurance,
J9049,"Inj, bortezomib, hospira",0.1 MG,1.443,20.000,,,,,,,
J9050,Carmustine injection,100 MG,255.320,20.000,,,,,,,
J9055,Cetuximab injection,10 MG,77.095,20.000,,,,,,,
J9056,"Inj, bendamustine, 1 mg",1 MG,28.652,20.000,,,,,,,
J9060,Cisplatin 10 mg injection,10 MG,2.687,20.000,,,,,,,
J9061,"Inj, amivantamab-vmjw",2 MG,21.558,19.138,,,,,,Inflation-adjusted coinsurance,
J9063,"Inj, elahere, 1 mg",1 MG,68.109,20.000,,,,,,,
J9065,Inj cladribine per 1 mg,1 MG,11.270,20.000,,,,,,,
J9071,Inj cyclophosphamd auromedic,5 MG,0.700,20.000,,,,,,AMP-based payment limit,
J9073,Inj cyclophosphamd (ingenus),5 MG,2.188,17.035,,,,,,Inflation-adjusted coinsurance,
J9074,"Inj, cyclophosphamd, sandoz",5 MG,4.351,20.000,,,,,,Added January 2025 ,
J9075,"Inj, cyclophosphamide, nos",5 MG,0.876,20.000,,,,,,,
J9100,Cytarabine hcl 100 mg inj,100 MG,0.791,20.000,,,,,,,
J9118,Inj. calaspargase pegol-mknl,10 UNIT,76.526,20.000,,,,,,,
J9119,"Inj., cemiplimab-rwlc, 1 mg",1 MG,28.206,20.000,,,,,,,
J9120,Dactinomycin injection,0.5 MG,324.801,20.000,,,,,,,
J9130,Dacarbazine 100 mg inj,100 MG,4.174,20.000,,,,,,,
J9144,"Daratumumab, hyaluronidase",10 MG,51.386,20.000,,,,,,,
J9145,"Injection, daratumumab 10 mg",10 MG,65.317,20.000,,,,,,,
J9150,Daunorubicin injection,10 MG,23.517,20.000,,,,,,,
J9153,"Inj daunorubicin, cytarabine",1 MG/2.27 MG,248.410,19.634,,,,,,Inflation-adjusted coinsurance,
J9155,Degarelix injection,1 MG,4.281,20.000,,,,,,,
J9171,Docetaxel injection,1 MG,0.734,20.000,,,,,,,
J9172,"Docetaxel (docivyx), 1 mg",1 MG,52.211,20.000,,,,,,Added January 2025 ,
J9173,"Inj., durvalumab, 10 mg",10 MG,83.883,20.000,,,,,,,
J9176,"Injection, elotuzumab, 1mg",1 MG,7.721,20.000,,,,,,,
J9177,Inj enfort vedo-ejfv 0.25mg,0.25 MG,36.647,19.072,,,,,,Inflation-adjusted coinsurance,
J9178,"Inj, epirubicin hcl, 2 mg",2 MG,1.625,20.000,,,,,,,
J9179,Eribulin mesylate injection,0.1 MG,133.317,20.000,,,,,,,
J9181,Etoposide injection,10 MG,0.976,20.000,,,,,,,
J9185,Fludarabine phosphate inj,50 MG,168.300,20.000,,,,,,,
J9190,Fluorouracil injection,500 MG,2.230,20.000,,,,,,,
J9196,Inj gemcitabine hcl (accord),200 MG,9.337,10.238,,,,,,Inflation-adjusted coinsurance,
J9200,Floxuridine injection,500 MG,3989.640,20.000,,,,,,,
J9201,In gemcitabine hcl nos 200mg,200 MG,2.865,20.000,,,,,,,
J9202,Goserelin acetate implant,3.6 MG,703.060,18.185,,,,,,Inflation-adjusted coinsurance,
J9203,Gemtuzumab ozogamicin 0.1 mg,0.1 MG,233.119,20.000,,,,,,,
J9204,"Inj mogamulizumab-kpkc, 1 mg",1 MG,243.317,20.000,,,,,,,
J9205,Inj irinotecan liposome 1 mg,1 MG,64.215,20.000,,,,,,,
J9206,Irinotecan injection,20 MG,1.974,20.000,,,,,,AMP-based payment limit,
J9207,Ixabepilone injection,1 MG,136.427,19.758,,,,,,Inflation-adjusted coinsurance,
J9208,Ifosfamide injection,1 GM,25.067,20.000,,,,,,,
J9209,Mesna injection,200 MG,1.580,20.000,,,,,,,
J9210,"Inj., emapalumab-lzsg, 1 mg",1 MG,376.569,20.000,,,,,,,
J9211,Idarubicin hcl injection,5 MG,46.801,20.000,,,,,,,
J9217,Leuprolide acetate suspnsion,7.5 MG,180.794,20.000,,,,,,,
J9218,Leuprolide acetate injeciton,1 MG,8.913,20.000,,,,,,,
J9223,"Inj. lurbinectedin, 0.1 mg",0.1 MG,204.899,20.000,,,,,,,
J9226,Supprelin la implant,50 MG,45261.796,20.000,,,,,,,
J9227,Inj. isatuximab-irfc 10 mg,10 MG,79.347,20.000,,,,,,,
J9228,Ipilimumab injection,1 MG,180.051,20.000,,,,,,,
J9229,Inj inotuzumab ozogam 0.1 mg,0.1 MG,2658.129,20.000,,,,,,,
J9245,Inj melpha hydroch nos 50 mg,50 MG,133.694,20.000,,,,,,,
J9246,"Inj., evomela, 1 mg",1 MG,18.003,20.000,,,,,,,
J9248,Inj melphalan (hepzato) 1 mg,1 MG,773.800,20.000,,,,,,Added January 2025 ,
J9260,Inj methotrexate sodium 50mg,50 MG,3.373,20.000,,,,,,,
J9261,Nelarabine injection,50 MG,74.755,20.000,,,,,,,
J9263,Oxaliplatin,0.5 MG,0.075,20.000,,,,,,,
J9264,Paclitaxel protein bound,1 MG,13.536,20.000,,,,,,,
J9266,Pegaspargase injection,1 EA,27070.534,19.139,,,,,,Inflation-adjusted coinsurance,
J9267,Paclitaxel injection,1 MG,0.109,20.000,,,,,,,
J9268,Pentostatin injection,10 MG,2732.531,17.347,,,,,,Inflation-adjusted coinsurance,
J9269,Inj. tagraxofusp-erzs 10 mcg,10 MCG,338.890,20.000,,,,,,,
J9271,Inj pembrolizumab,1 MG,57.603,20.000,,,,,,,
J9272,"Inj, dostarlimab-gxly, 10 mg",10 MG,240.064,20.000,,,,,,,
J9273,"Inj tisotu vedotin-tftv, 1mg",1 MG,181.874,19.503,,,,,,Inflation-adjusted coinsurance,
J9274,"Inj, tebentafusp-tebn, 1 mcg",1 MCG,214.756,20.000,,,,,,,
J9280,Mitomycin injection,5 MG,46.348,20.000,,,,,,,
J9281,Mitomycin instillation,1 MG,311.356,20.000,,,,,,,
J9286,"Inj glofitamab gxbm, 2.5 mg",2.5 MG,2770.911,20.000,,,,,,,
J9293,Mitoxantrone hydrochl / 5 mg,5 MG,60.819,20.000,,,,,,,
J9294,"Inj pemetrexed, hospira 10mg",10 MG,2.565,20.000,,,,,,AMP-based payment limit,
J9295,"Injection, necitumumab, 1 mg",1 MG,5.731,20.000,,,,,,,
J9297,Inj pemetrexed (sandoz) 10mg,10 MG,1.529,20.000,,,,,,,
J9298,Inj nivol relatlimab 3mg/1mg,3 mg/1 mg,193.864,20.000,,,,,,,
J9299,"Injection, nivolumab",1 MG,32.296,20.000,,,,,,,
J9301,Obinutuzumab inj,10 MG,74.827,20.000,,,,,,,
J9303,Panitumumab injection,10 MG,165.713,18.661,,,,,,Inflation-adjusted coinsurance,
J9304,"Inj. pemetrexed, 10 mg",10 MG,52.695,20.000,,,,,,,
J9305,Inj. pemetrexed nos 10mg,10 MG,5.272,20.000,,,,,,,
J9306,"Injection, pertuzumab, 1 mg",1 MG,16.190,20.000,,,,,,,
J9307,Pralatrexate injection,1 MG,373.768,19.958,,,,,,Inflation-adjusted coinsurance,
J9308,"Injection, ramucirumab",5 MG,72.912,20.000,,,,,,,
J9309,"Inj, polatuzumab vedotin 1mg",1 MG,132.916,20.000,,,,,,,
J9311,"Inj rituximab, hyaluronidase",10 mg,36.576,20.000,,,,,,,
J9312,"Inj., rituximab, 10 mg",10 MG,76.730,20.000,,,,,,,
J9314,Inj pemetrexed (teva) 10mg,10 MG,7.135,20.000,,,,,,,
J9316,"Pertuzu, trastuzu, 10 mg",10 MG,63.880,20.000,,,,,,,
J9317,Sacituzumab govitecan-hziy,2.5 MG,35.438,20.000,,,,,,,
J9319,Inj romidepsin lyophil 0.1mg,0.1 MG,30.392,20.000,,,,,,,
J9321,Inj epcoritamab-bysp 0.16 mg,0.16 MG,55.186,20.000,,,,,,,
J9324,"Inj, pemrydi rtu, 10 mg",10 MG,82.135,20.000,,,,,,Added January 2025 ,
J9325,Inj talimogene laherparepvec,1 million PFU,70.367,19.315,,,,,,Inflation-adjusted coinsurance,
J9328,Temozolomide injection,1 MG,10.409,20.000,,,,,,,
J9330,Temsirolimus injection,1 MG,29.518,20.000,,,,,,,
J9331,Inj sirolimus prot part 1 mg,1 MG,117.449,19.361,,,,,,Inflation-adjusted coinsurance,
J9332,Inj efgartigimod 2mg,2 MG,32.449,20.000,,,,,,,
J9333,Inj ronzanolixizum-noli 1 mg,1 MG,22.821,20.000,,,,,,,
J9334,Inj efgart-alfa 2mg hya-qvfc,2 MG,33.101,20.000,,,,,,,
J9340,Thiotepa injection,15 MG,221.753,20.000,,,,,,,
J9345,"Inj, retifanlimab-dlwr, 1 mg",1 MG,29.264,20.000,,,,,,,
J9347,"Inj, tremelimumab-actl, 1 mg",1 MG,138.432,20.000,,,,,,,
J9348,"Inj. naxitamab-gqgk, 1 mg",1 MG,642.289,20.000,,,,,,,
J9349,"Inj., tafasitamab-cxix",2 MG,13.966,20.000,,,,,,,
J9350,"Inj mosunetuzumab-axgb, 1 mg",1 MG,641.067,20.000,,,,,,,
J9351,Topotecan injection,0.1 MG,1.784,20.000,,,,,,,
J9352,Injection trabectedin 0.1mg,0.1 MG,362.750,20.000,,,,,,,
J9353,"Inj. margetuximab-cmkb, 5 mg",5 MG,49.400,20.000,,,,,,,
J9354,"Inj, ado-trastuzumab emt 1mg",1 MG,40.968,20.000,,,,,,,
J9355,Inj trastuzumab excl biosimi,10 MG,77.051,20.000,,,,,,,
J9356,"Inj. herceptin hylecta, 10mg",10 MG,63.064,20.000,,,,,,,
J9357,Valrubicin injection,200 MG,1392.518,20.000,,,,,,,
J9358,Inj fam-trastu deru-nxki 1mg,1 MG,28.810,20.000,,,,,,,
J9359,Inj lon tesirin-lpyl 0.075mg,0.075 MG,212.118,20.000,,,,,,,
J9360,Vinblastine sulfate inj,1 MG,4.834,20.000,,,,,,,
J9370,Vincristine sulfate 1 mg inj,1 MG,8.332,20.000,,,,,,,
J9380,Inj teclistamab cqyv 0.5 mg,0.5 MG,32.551,20.000,,,,,,Inflation-adjusted coinsurance,
J9381,Inj teplizumab mzwv 5 mcg,5 MCG,37.236,20.000,,,,,,,
J9390,Vinorelbine tartrate inj,10 MG,6.503,20.000,,,,,,,
J9394,"Inj, fulvestrant (fresenius)",25 MG,12.257,20.000,,,,,,,
J9395,"Injection, fulvestrant",25 MG,6.656,20.000,,,,,,,
J9400,"Inj, ziv-aflibercept, 1mg",1 MG,7.984,20.000,,,,,,,
P9041,"Albumin (human),5%, 50ml",50 ML,10.615,20.000,,,95,10.615,,,
P9045,"Albumin (human), 5%, 250 ml",250 ML,53.077,20.000,,,95,53.077,,,
P9046,"Albumin (human), 25%, 20 ml",20 ML,21.231,20.000,,,95,21.231,,,
P9047,"Albumin (human), 25%, 50ml",50 ML,53.077,20.000,,,95,53.077,,,
Q0138,"Ferumoxytol, non-esrd",1 MG,0.377,20.000,,,,,,,
Q0139,"Ferumoxytol, esrd use",1 MG,0.377,20.000,,,,,,,
Q0162,Ondansetron oral,1 MG,0.013,20.000,,,,,,,
Q0167,Dronabinol 2.5mg oral,2.5 MG,1.849,20.000,,,,,,,
Q0224,"Inj, pemivibart, 4500 mg",4500 MG,6583.500,0.000,95,6583.500,,,,See COVID-19 vaccine pricing webpage for payment effective dates ,
Q0249,Tocilizumab for COVID-19,1 MG,7.569,0.000,95,7.569,,,,See COVID-19 vaccine pricing webpage for payment effective dates,
Q2041,Axicabtagene ciloleucel car+,UP TO 200 MILLION CAR T CELLS,489517.151,19.424,,,,,,Inflation-adjusted coinsurance,
Q2042,Tisagenlecleucel car-pos t,up to 600 million CAR-positive viable T cells,565623.836,18.087,,,,,,Inflation-adjusted coinsurance,
Q2043,Sipuleucel-t auto cd54+,Per infusion (minimum 50 million cells),55536.498,20.000,,,,,,,
Q2050,Doxorubicin inj 10mg,10 MG,136.046,20.000,,,,,,,
Q2053,Brexucabtagene car pos t,UP TO 200 MILLION AUTOLOGOUS ANTI-CD19 CAR POSITIVE VIABLE T CELLS,488051.510,19.483,,,,,,Inflation-adjusted coinsurance,
Q2054,Lisocabtagene mara car pos t,"Up to 110 million CAR-positive viable T cells, per therapeutic dose",516485.967,19.404,,,,,,Inflation-adjusted coinsurance,
Q2055,Idecabtagene vicleucel car,UP TO 510 MILLION AUTOLOGOUS ANTI-BCMA CAR-POSITIVE VIABLE T CELLS,528312.427,19.395,,,,,,Inflation-adjusted coinsurance,
Q2056,Ciltacabtagene car-pos t,up to 100 million autologous b-cell maturation antigen (bcma) directed car-positive t cells,551318.337,18.983,,,,,,Inflation-adjusted coinsurance,
Q3027,Inj beta interferon im 1 mcg,1 MCG,55.620,20.000,,,,,,,
Q4074,Iloprost non-comp unit dose,UP TO 20 MCG,148.238,20.000,,,,,,,
Q4081,"Epoetin alfa, 100 units esrd",100 UNITS,0.646,20.000,,,,,,,
Q4101,Apligraf,1 SQ CM,30.476,20.000,,,,,,,
Q4102,Oasis wound matrix,1 SQ CM,12.070,20.000,,,,,,,
Q4103,Oasis burn matrix,1 SQ CM,12.481,20.000,,,,,,,
Q4104,Integra bmwd,1 SQ CM,52.396,20.000,,,,,,,
Q4105,Integra drt or omnigraft,1 SQ CM,30.277,20.000,,,,,,,
Q4108,Integra matrix,1 SQ CM,44.841,20.000,,,,,,,
Q4110,Primatrix,1 SQ CM,65.405,20.000,,,,,,,
Q4111,Gammagraft,1 SQ CM,7.326,20.000,,,,,,,
Q4114,Integra flowable wound matri,1 CC,1600.605,20.000,,,,,,,
Q4115,Alloskin,1 SQ CM,15.151,20.000,,,,,,,
Q4118,Matristem micromatrix,1 MG,2.543,20.000,,,,,,,
Q4121,Theraskin,1 SQ CM,48.454,20.000,,,,,,,
Q4124,Oasis tri-layer wound matrix,1 SQ CM,10.216,20.000,,,,,,,
Q4126,Memoderm/derma/tranz/integup,1 SQ CM,59.544,20.000,,,,,,,
Q4127,Talymed,1 SQ CM,68.487,20.000,,,,,,,
Q4128,Flexhd/allopatchhd/sq cm,1 SQ CM,30.593,20.000,,,,,,,
Q4132,"Grafix core, grafixpl core",1 SQ CM,136.851,20.000,,,,,,,
Q4133,Grafix stravix prime pl sqcm,1 SQ CM,138.753,20.000,,,,,,,
Q4137,Amnioexcel biodexcel 1sq cm,1 SQ CM,116.681,20.000,,,,,,,
Q4138,"Biodfence dryflex, 1cm",1 SQ CM,93.566,20.000,,,,,,Added January 2025 ,
Q4140,Biodfence 1cm,1 SQ CM,171.809,20.000,,,,,,Added January 2025 ,
Q4141,"Alloskin ac, 1 cm",1 SQ CM,37.984,20.000,,,,,,Added January 2025 ,
Q4148,Neox neox rt or clarix cord,1 SQ CM,127.505,20.000,,,,,,,
Q4150,Allowrap ds or dry 1 sq cm,1 SQ CM,86.699,20.000,,,,,,,
Q4151,"Amnioband, guardian 1 sq cm",1 SQ CM,143.415,20.000,,,,,,,
Q4152,Dermapure 1 square cm,1 SQ CM,52.050,20.000,,,,,,,
Q4153,"Dermavest, plurivest sq cm",1 SQ CM,232.713,20.000,,,,,,,
Q4154,Biovance 1 square cm,1 SQ CM,144.357,20.000,,,,,,,
Q4155,Neoxflo or clarixflo 1 mg,1 MG,28.723,20.000,,,,,,,
Q4156,Neox 100 or clarix 100,1 SQ CM,64.045,20.000,,,,,,,
Q4158,"Kerecis omega3, per sq cm",1 SQ CM,75.455,20.000,,,,,,,
Q4159,Affinity1 square cm,1 SQ CM,263.351,20.000,,,,,,,
Q4160,Nushield 1 square cm,1 SQ CM,93.929,20.000,,,,,,,
Q4163,"Woundex, bioskin, per sq cm",1 SQ CM,182.181,20.000,,,,,,,
Q4166,"Cytal, per square centimeter",1 SQ CM,20.556,20.000,,,,,,,
Q4171,"Interfyl, 1 mg",1 MG,11.913,20.000,,,,,,,
Q4175,Miroderm,1 SQ CM,69.044,20.000,,,,,,,
Q4178,"Floweramniopatch, per sq cm",1 SQ CM,87.176,20.000,,,,,,,
Q4184,Cellesta or duo per sq cm,1 SQ CM,624.340,20.000,,,,,,,
Q4186,Epifix 1 sq cm,1 SQ CM,158.334,20.000,,,,,,,
Q4187,Epicord 1 sq cm,1 SQ CM,242.727,20.000,,,,,,,
Q4188,Amnioarmor 1 sq cm,1 SQ CM,346.642,20.000,,,,,,,
Q4190,Artacent ac 1 sq cm,1 SQ CM,235.692,20.000,,,,,,,
Q4191,Restorigin 1 sq cm,1 SQ CM,1016.313,20.000,,,,,,,
Q4194,Novachor 1 sq cm,1 SQ CM,858.919,20.000,,,,,,,
Q4195,Puraply 1 sq cm,1 SQ CM,102.788,20.000,,,,,,Added January 2025 ,
Q4196,Puraply am 1 sq cm,1 SQ CM,105.690,20.000,,,,,,,
Q4197,Puraply xt 1 sq cm,1 SQ CM,72.644,20.000,,,,,,,
Q4199,"Cygnus matrix, per sq cm",1 SQ CM,363.787,20.000,,,,,,,
Q4201,Matrion 1 sq cm,1 SQ CM,85.034,20.000,,,,,,,
Q4203,"Derma-gide, 1 sq cm",1 SQ CM,300.181,20.000,,,,,,Added January 2025 ,
Q4205,Membrane graft or wrap sq cm,1 SQ CM,1159.614,20.000,,,,,,,
Q4217,Woundfix biowound plus xplus,1 SQ CM,370.863,20.000,,,,,,,
Q4222,"Progenamatrix, per sq cm",1 SQ CM,116.964,20.000,,,,,,,
Q4225,"Amnio or derma tl, per sq cm",1 SQ CM,1459.550,20.000,,,,,,,
Q4229,Cogenex amnio memb per sq cm,1 SQ CM,521.027,20.000,,,,,,,
Q4231,"Corplex p, per cc",1 CC,1013.111,20.000,,,,,,Added January 2025 ,
Q4232,"Corplex, per sq cm",1 SQ CM,265.144,20.000,,,,,,,
Q4234,"Xcellerate, per sq cm",1 SQ CM,255.135,20.000,,,,,,,
Q4235,Amniorepair or altiply sq cm,1 SQ CM,95.148,20.000,,,,,,,
Q4236,Carepatch per sq cm,1 SQ CM,613.603,20.000,,,,,,,
Q4238,"Derm-maxx, per sq cm",1 SQ CM,1557.992,20.000,,,,,,,
Q4252,"Vendaje, per square centimet",1 SQ CM,76.969,20.000,,,,,,,
Q4253,Zenith amniotic membrane psc,1 SQ CM,119.428,20.000,,,,,,,
Q4256,"Mlg complet, per sq cm",1 SQ CM,972.834,20.000,,,,,,,
Q4257,"Relese, per sq cm",1 SQ CM,487.721,20.000,,,,,,,
Q4258,"Enverse, per sq cm",1 SQ CM,73.420,20.000,,,,,,,
Q4259,Celera per sq cm,1 SQ CM,1280.736,20.000,,,,,,,
Q4262,"Dual layer impax, per sq cm",1 SQ CM,302.521,20.000,,,,,,,
Q4265,Neostim tl per sq cm,1 SQ CM,2114.700,20.000,,,,,,,
Q4266,Neostim per sq cm,1 SQ CM,888.916,20.000,,,,,,,
Q4267,Neostim dl per sq cm,1 SQ CM,371.312,20.000,,,,,,,
Q4271,Complete ft per sq cm,1 SQ CM,1541.612,20.000,,,,,,,
Q4276,"Orion, per sq cm",1 SQ CM,483.792,20.000,,,,,,,
Q4278,"Epieffect, per sq cm",1 SQ CM,306.067,20.000,,,,,,,
Q4279,"Vendaje ac, per sq cm",1 SQ CM,2385.000,20.000,,,,,,,
Q4280,Xcell amnio matrix per sq cm,1 SQ CM,2060.397,20.000,,,,,,,
Q4281,Barrera slor dl per sq cm,1 SQ CM,888.114,20.000,,,,,,,
Q4282,Cygnus dual per sq cm,1 SQ CM,486.781,20.000,,,,,,,
Q4283,"Biovance tri or 3l, sq cm",1 SQ CM,660.382,20.000,,,,,,,
Q4289,"Revoshield+ amnio, per sq cm",1 SQ CM,1859.498,20.000,,,,,,Added January 2025 ,
Q4297,"Emerge matrix, per sq cm",1 SQ CM,1788.155,20.000,,,,,,,
Q4298,"Amnicore pro, per sq cm",1 SQ CM,2172.414,20.000,,,,,,Added January 2025 ,
Q4300,"Acesso tl, per sq cm",1 SQ CM,2114.700,20.000,,,,,,,
Q4301,"Activate matrix, per sq cm",1 SQ CM,1934.927,20.000,,,,,,,
Q4302,"Complete aca, per sq cm",1 SQ CM,2008.700,20.000,,,,,,,
Q4303,"Complete aa, per sq cm",1 SQ CM,3412.785,20.000,,,,,,,
Q4304,"Grafix plus, per sq cm",1 SQ CM,919.993,20.000,,,,,,,
Q4310,"Procenta, per 100 mg",100 MG,2154.978,20.000,,,,,,,
Q5101,"Injection, zarxio",1 MCG,0.357,20.000,,,,,,8% of reference add-on applied,
Q5103,"Injection, inflectra",10 MG,11.550,20.000,,,,,,8% of reference add-on applied,
Q5104,"Injection, renflexis",10 MG,26.263,20.000,,,,,,8% of reference add-on applied,
Q5105,Inj retacrit esrd on dialysi,100 UNITS,0.747,20.000,,,,,,,
Q5106,Inj retacrit non-esrd use,1000 UNITS,7.469,20.000,,,,,,,
Q5107,Inj mvasi 10 mg,10 MG,28.727,20.000,,,,,,8% of reference add-on applied,
Q5108,"Injection, fulphila",0.5 MG,125.304,20.000,,,,,,,
Q5110,Nivestym,1 MCG,0.289,20.000,,,,,,8% of reference add-on applied,
Q5111,"Injection, udenyca 0.5 mg",0.5 MG,135.550,20.000,,,,,,,
Q5112,Inj ontruzant 10 mg,10 MG,26.369,20.000,,,,,,8% of reference add-on applied,
Q5113,Inj herzuma 10 mg,10 MG,71.978,20.000,,,,,,8% of reference add-on applied,
Q5114,Inj ogivri 10 mg,10 MG,51.840,20.000,,,,,,8% of reference add-on applied,
Q5115,Inj truxima 10 mg,10 MG,31.833,20.000,,,,,,8% of reference add-on applied,
Q5116,"Inj., trazimera, 10 mg",10 MG,18.969,20.000,,,,,,8% of reference add-on applied,
Q5117,"Inj., kanjinti, 10 mg",10 MG,34.688,20.000,,,,,,8% of reference add-on applied,
Q5118,"Inj., zirabev, 10 mg",10 MG,23.000,20.000,,,,,,8% of reference add-on applied,
Q5119,"Inj ruxience, 10 mg",10 MG,23.589,20.000,,,,,,8% of reference add-on applied,
Q5120,Inj pegfilgrastim-bmez 0.5mg,0.5 MG,24.711,20.000,,,,,,Added January 2025 ,
Q5121,"Inj. avsola, 10 mg",10 MG,19.825,20.000,,,,,,8% of reference add-on applied,
Q5122,"Inj, nyvepria",0.5 MG,117.010,20.000,,,,,,,
Q5123,"Inj. riabni, 10 mg",10 MG,36.776,20.000,,,,,,8% of reference add-on applied,
Q5124,"Inj. byooviz, 0.1 mg",0.1 MG,169.199,20.000,,,,,,,
Q5125,"Inj, releuko 1 mcg",1 MCG,0.451,20.000,,,,,,8% of reference add-on applied,
Q5126,Inj alymsys 10 mg,10 MG,58.232,20.000,,,,,,8% of reference add-on applied,
Q5127,"Inj, stimufend, 0.5 mg",0.5 MG,298.305,20.000,,,,,,,
Q5128,"Inj, cimerli, 0.1 mg",0.1 MG,168.744,20.000,,,,,,,
Q5129,"Inj, vegzelma, 10 mg",10 MG,52.001,20.000,,,,,,8% of reference add-on applied,
Q5130,"Inj, fylnetra, 0.5 mg",0.5 MG,183.517,20.000,,,,,,,
Q5133,"Inj, tofidence, 1 mg",1 MG,5.996,20.000,,,,,,Added January 2025 - 8% of reference add-on applied,
Q5135,"Inj, tyenne, 1 mg",1 MG,4.106,20.000,,,,,,Added January 2025 - 8% of reference add-on applied,
Q9950,Inj sulf hexa lipid microsph,1 ML,18.676,20.000,,,,,,,
Q9956,"Inj octafluoropropane mic,ml",1 ML,41.605,20.000,,,,,,,
Q9957,"Inj perflutren lip micros,ml",1 ML,41.605,20.000,,,,,,,
Q9958,"Hocm <=149 mg/ml iodine, 1ml",1 ML,0.073,20.000,,,,,,,
Q9961,"Hocm 250-299mg/ml iodine,1ml",1 ML,0.291,20.000,,,,,,Added January 2025 ,
Q9963,"Hocm 350-399mg/ml iodine,1ml",1 ML,0.217,20.000,,,,,,,
Q9965,"Locm 100-199mg/ml iodine,1ml",1 ML,1.204,20.000,,,,,,,
Q9966,"Locm 200-299mg/ml iodine,1ml",1 ML,0.405,20.000,,,,,,,
Q9967,"Locm 300-399mg/ml iodine,1ml",1 ML,0.144,20.000,,,,,,,
Q9991,Buprenorph xr 100 mg or less,Less than or equal to 100 MG,1931.812,20.000,,,,,,,
Q9992,Buprenorphine xr over 100 mg,Greater than 100 MG,1931.812,20.000,,,,,,,
